event_date,session_timestamp,event_wday,user_id,user_customer_id,session_duration_microseconds,visited_personalised_store,personalise_store_pageviews,visited_purposeful_shelves,purposeful_shelves_pageviews,visited_digi_me,digi_me_pageviews,entered_store,entered_purposeful_shelves,entered_dm,entered_welcome
15/07/2022,1.65785E+15,Friday,12b8871209c2c81f891fd66ac6663867,K9KeA6etCVe1opm6b1ThDsMiVW33,8029319002,0,0,0,0,0,0,1,0,0,0
07/10/2022,1.66513E+15,Friday,425BE6D7542E48E293126C8DECE56983,059VyWLoggdNE5iYtEKRPmN0Sk03,29004388008,0,0,0,0,0,0,1,1,0,1
26/08/2022,1.66151E+15,Friday,CA987884BA0A47A4AF602B365E8F0E82,61gdPddDxtQcBdQycs15Z8UhYHl2,10844001,0,0,0,0,0,0,1,0,0,0
23/09/2022,1.66393E+15,Friday,425BE6D7542E48E293126C8DECE56983,059VyWLoggdNE5iYtEKRPmN0Sk03,0,0,0,0,0,0,0,1,0,0,0
23/09/2022,1.66393E+15,Friday,e086b005b05965ffe236c3bcc8546d4b,yUA5CHbldjZaDwLcYaa7u0yn8Eh1,2049522002,0,0,0,0,0,0,1,1,0,1
23/09/2022,1.66394E+15,Friday,e086b005b05965ffe236c3bcc8546d4b,2YxnK7j2xMfC5IaROt76siUwt3x1,8124094000,0,0,0,0,0,0,1,1,0,1
23/09/2022,1.66393E+15,Friday,1FF256035BA247B0AF2480887ABD0434,qn0hSmruuzO3NqaBbXqWBBy1zEs2,13613679000,0,0,0,0,0,0,1,1,1,1
23/09/2022,1.66393E+15,Friday,e086b005b05965ffe236c3bcc8546d4b,KUxTGWsFWDRfUAFKqJtuOuGKmnp1,6368795003,0,0,0,0,0,0,1,1,1,1
23/09/2022,1.66394E+15,Friday,b23fed60178e092af37263c8a0985ace,8oNsyStKlsSebk0yu259ggKsJh82,4254272029,0,0,0,0,0,0,1,1,1,1
24/06/2022,1.65608E+15,Friday,B6D2710FBB0A4E77805D055D8450A394,RrFRxE3TxhfRM7uFqVMaeflr3nA2,1941106001,0,0,0,0,0,0,1,1,0,1
29/07/2022,1.65908E+15,Friday,24E67F68C97C46CA94C83083EE5BFF18,rmzrZm9JLtYPiSCQo5ESlzqclj63,10666632024,0,0,0,0,0,0,1,0,1,0
29/07/2022,1.65908E+15,Friday,effbc254ba576278fa5d064491958314,ilkk3rXHfvRVozJzRT77tN1Bu9I2,128224001,0,0,0,0,0,0,1,1,1,1
01/07/2022,1.65667E+15,Friday,A2ECCB4200624749A49AEEEB39069423,CK8zzagBwJaJz3eygIuvIWBL4Mu1,25521764021,1,8,0,0,0,0,1,1,1,1
09/09/2022,1.66271E+15,Friday,24E67F68C97C46CA94C83083EE5BFF18,rmzrZm9JLtYPiSCQo5ESlzqclj63,18994785009,0,0,0,0,0,0,1,0,0,0
09/09/2022,1.66272E+15,Friday,02A7455546FC47DCA3EC574C9CF95405,TfnVfBz3yqeRsjRzIHrYUvHxobU2,325246000,1,1,0,0,0,0,1,1,0,0
09/09/2022,1.66272E+15,Friday,B5B16DB35477465DA2AD1DBB01EB71EC,0PPfsV1L1YdzrBzloi3YV5WEV8C2,3199868009,0,0,0,0,0,0,1,1,0,1
17/06/2022,1.65545E+15,Friday,4A38C21703EC41BCA1C0183A94F653DA,YkI4myH3iqYyVbOlePYRus6S2OO2,4266444004,0,0,0,0,0,0,1,1,1,1
30/09/2022,1.66453E+15,Friday,24E67F68C97C46CA94C83083EE5BFF18,rmzrZm9JLtYPiSCQo5ESlzqclj63,15843704010,0,0,0,0,0,0,1,1,1,0
19/08/2022,1.6609E+15,Friday,A391EF765A384E7A87892321A332A1EB,SEDOsWrhcGMeeFW52zn3yHR0uc32,89183001,0,0,0,0,0,0,1,1,0,0
19/08/2022,1.66091E+15,Friday,24E67F68C97C46CA94C83083EE5BFF18,rmzrZm9JLtYPiSCQo5ESlzqclj63,5527630008,0,0,0,0,0,0,1,0,1,0
19/08/2022,1.66091E+15,Friday,9A6EDE6540B54BE2987FCEDDF4986A76,61gdPddDxtQcBdQycs15Z8UhYHl2,4479951000,0,0,0,0,0,0,1,1,1,1
07/10/2022,1.66513E+15,Friday,98376ED5FAEA4B779FFB8E17D51C0CA4,mZhPRMCe6ihCGgr4WLNKA74Lfcq2,4368463001,1,7,1,9,0,0,1,1,1,1
07/10/2022,1.66513E+15,Friday,1FF256035BA247B0AF2480887ABD0434,qn0hSmruuzO3NqaBbXqWBBy1zEs2,879336002,0,0,1,1,0,0,1,1,0,1
07/10/2022,1.66513E+15,Friday,1FF256035BA247B0AF2480887ABD0434,K9KeA6etCVe1opm6b1ThDsMiVW33,4489409003,0,0,1,2,0,0,1,1,0,1
26/08/2022,1.66151E+15,Friday,8B97EE90B5734F34B6CD572F63C0BA92,zSHKpxl0HKbjnAZrNEknIykLl712,5412008,0,0,1,1,0,0,1,0,0,0
12/08/2022,1.66031E+15,Friday,9A6EDE6540B54BE2987FCEDDF4986A76,61gdPddDxtQcBdQycs15Z8UhYHl2,10082542005,0,0,1,24,0,0,1,1,1,1
12/08/2022,1.6603E+15,Friday,effbc254ba576278fa5d064491958314,SeQflhtOohaV0PLzC5qjH8MiihB3,11068252010,1,9,1,12,0,0,1,1,1,1
23/09/2022,1.66394E+15,Friday,037a65f45e8fb37039108a686bf3ebe1,CCMxG4rXWvcC4J8xUbizjCz9vlq2,5806256048,0,0,1,56,0,0,1,1,1,1
23/09/2022,1.66394E+15,Friday,bd1e34d007278fea519d51c98d349641,vxhkF3PN3oNPjzUzJx4iMdZLFz43,2473248002,0,0,1,20,0,0,1,1,1,1
24/06/2022,1.65607E+15,Friday,A2ECCB4200624749A49AEEEB39069423,059VyWLoggdNE5iYtEKRPmN0Sk03,22400079006,0,0,1,1,0,0,1,1,1,1
24/06/2022,1.65607E+15,Friday,e4e33b3c42f3c05e6ecc113b4532e044,K9KeA6etCVe1opm6b1ThDsMiVW33,16543466005,1,19,1,148,0,0,1,1,1,1
10/06/2022,1.65487E+15,Friday,B6D2710FBB0A4E77805D055D8450A394,RrFRxE3TxhfRM7uFqVMaeflr3nA2,3641438002,0,0,1,13,0,0,1,1,0,1
22/07/2022,1.65848E+15,Friday,65fe7b5d2163cf33a20fdb612bdd1004,JNOlg7nb0caoxuX50BTT20pJ8aB3,8943100200,1,3,1,23,0,0,1,1,1,1
09/09/2022,1.66272E+15,Friday,CDFCEB9521BF48FA989BAC1FA77AABD2,Jl2owNohjiWP6nne7wYTHgqlEOC3,293892016,0,0,1,6,0,0,1,1,0,1
09/09/2022,1.66272E+15,Friday,890AF9D4FA8D412D920C49789ACC2ABA,mZhPRMCe6ihCGgr4WLNKA74Lfcq2,3404878005,0,0,1,2,0,0,1,1,0,1
02/09/2022,1.66213E+15,Friday,CA987884BA0A47A4AF602B365E8F0E82,61gdPddDxtQcBdQycs15Z8UhYHl2,2915680042,0,0,1,4,0,0,1,1,1,1
05/08/2022,1.65968E+15,Friday,12b8871209c2c81f891fd66ac6663867,K9KeA6etCVe1opm6b1ThDsMiVW33,32913557040,0,0,1,4,0,0,1,1,1,0
05/08/2022,1.6597E+15,Friday,9A6EDE6540B54BE2987FCEDDF4986A76,fvvpm6afISaFbcNa4GF7m62D83n2,14020630004,1,1,1,19,0,0,1,0,1,1
05/08/2022,1.65969E+15,Friday,effbc254ba576278fa5d064491958314,ilkk3rXHfvRVozJzRT77tN1Bu9I2,132189002,0,0,1,2,0,0,1,0,0,1
17/06/2022,1.65545E+15,Friday,0495BC21A08B47E984EDDE3E2A07C8D4,3kg2y8EKCHXUgRdLIlgE3exjLqF3,129909006,0,0,1,3,0,0,1,1,0,1
17/06/2022,1.65546E+15,Friday,DA748FA4CE694AE1BD30BE17B4408557,o1GaW08fHohHFrJRTpHallqxRUz2,116774001,0,0,1,2,0,0,1,1,0,0
17/06/2022,1.65546E+15,Friday,7CE00576105E4085A08B601666037B5A,PFKkChj9lhTaqVxaVbWRGrOdNa52,2877310016,0,0,1,5,0,0,1,1,0,0
17/06/2022,1.65545E+15,Friday,412dfa3b46d33e1c67a82946bccd5a45,CK8zzagBwJaJz3eygIuvIWBL4Mu1,11477221003,1,44,1,126,0,0,1,1,0,1
17/06/2022,1.65546E+15,Friday,2de8b55c73dfdf5310445a0a910249d3,1oI6MYCl35e4kKCoOYzuOQvr9lO2,1607973033,1,53,1,3,0,0,1,1,1,1
19/08/2022,1.66089E+15,Friday,890AF9D4FA8D412D920C49789ACC2ABA,mZhPRMCe6ihCGgr4WLNKA74Lfcq2,8001521006,0,0,1,22,0,0,1,1,1,1
22/08/2022,1.66115E+15,Monday,24E67F68C97C46CA94C83083EE5BFF18,rmzrZm9JLtYPiSCQo5ESlzqclj63,23608550002,0,0,0,0,0,0,1,1,1,0
25/07/2022,1.65875E+15,Monday,effbc254ba576278fa5d064491958314,ilkk3rXHfvRVozJzRT77tN1Bu9I2,251064002,0,0,0,0,0,0,1,1,0,1
25/07/2022,1.65874E+15,Monday,65fe7b5d2163cf33a20fdb612bdd1004,JNOlg7nb0caoxuX50BTT20pJ8aB3,14649953001,0,0,0,0,0,0,1,1,1,1
05/09/2022,1.66238E+15,Monday,B5B16DB35477465DA2AD1DBB01EB71EC,0PPfsV1L1YdzrBzloi3YV5WEV8C2,1011596011,0,0,0,0,0,0,1,1,0,0
15/08/2022,1.66057E+15,Monday,12b8871209c2c81f891fd66ac6663867,K9KeA6etCVe1opm6b1ThDsMiVW33,72735005,0,0,0,0,0,0,1,0,0,1
15/08/2022,1.66055E+15,Monday,effbc254ba576278fa5d064491958314,SeQflhtOohaV0PLzC5qjH8MiihB3,17096346009,0,0,0,0,0,0,1,0,1,1
26/09/2022,1.66419E+15,Monday,425BE6D7542E48E293126C8DECE56983,059VyWLoggdNE5iYtEKRPmN0Sk03,17669553026,0,0,0,0,0,0,1,0,0,1
26/09/2022,1.6642E+15,Monday,6073C1FFAA26452A922E43F33F55EDA6,m7B3CDKCROWoPWwEF9VZVgNzk9r2,6723407003,0,0,0,0,0,0,1,1,0,1
26/09/2022,1.6642E+15,Monday,effbc254ba576278fa5d064491958314,SeQflhtOohaV0PLzC5qjH8MiihB3,3386176096,1,15,0,0,0,0,1,1,1,1
26/09/2022,1.6642E+15,Monday,82D8B2098CDC49379CC111427F9489AE,xRXR4iJG66VoG86H8Tfb0NLR2m53,3892153008,1,3,0,0,0,0,1,1,0,1
27/06/2022,1.65634E+15,Monday,bd1fb12007e73ca029925f08463fbd8b,Nf7QA8NGCwadoEGRlEJ6Nc8cevI2,444736033,0,0,0,0,0,0,1,1,0,1
12/09/2022,1.66298E+15,Monday,24E67F68C97C46CA94C83083EE5BFF18,rmzrZm9JLtYPiSCQo5ESlzqclj63,7102644019,0,0,0,0,0,0,1,0,1,0
01/08/2022,1.65934E+15,Monday,effbc254ba576278fa5d064491958314,ilkk3rXHfvRVozJzRT77tN1Bu9I2,7617863001,0,0,0,0,0,0,1,1,1,1
22/08/2022,1.66117E+15,Monday,9A6EDE6540B54BE2987FCEDDF4986A76,61gdPddDxtQcBdQycs15Z8UhYHl2,3479848003,0,0,1,4,0,0,1,1,1,1
22/08/2022,1.66116E+15,Monday,effbc254ba576278fa5d064491958314,SeQflhtOohaV0PLzC5qjH8MiihB3,2778584014,1,1,1,11,0,0,1,1,1,1
25/07/2022,1.65874E+15,Monday,b1ad626d2506be76b5a74b6383335736,ilkk3rXHfvRVozJzRT77tN1Bu9I2,3145757005,0,0,1,2,0,0,1,1,1,1
25/07/2022,1.65876E+15,Monday,65fe7b5d2163cf33a20fdb612bdd1004,7iGXxZpjIKhKg3WYwbBb5ityvki2,16477170047,0,0,1,3,0,0,1,1,1,1
11/07/2022,1.65754E+15,Monday,A2ECCB4200624749A49AEEEB39069423,CK8zzagBwJaJz3eygIuvIWBL4Mu1,6743434000,0,0,1,2,0,0,1,1,0,1
20/06/2022,1.65574E+15,Monday,412dfa3b46d33e1c67a82946bccd5a45,CK8zzagBwJaJz3eygIuvIWBL4Mu1,2948950000,0,0,1,20,0,0,1,1,1,0
20/06/2022,1.65575E+15,Monday,A2ECCB4200624749A49AEEEB39069423,059VyWLoggdNE5iYtEKRPmN0Sk03,1929636009,0,0,1,2,0,0,1,1,1,0
20/06/2022,1.65573E+15,Monday,280A8B7BA33F476FA7CD34E2EA59EB3F,gTO72xxmdqheXF3MvFYeqse7PvB3,3848412001,0,0,1,3,0,0,1,1,1,1
20/06/2022,1.65573E+15,Monday,65fe7b5d2163cf33a20fdb612bdd1004,hPGNI11lKYXyqJa8LpewjgHuCGM2,11664701002,1,10,1,109,0,0,1,1,1,1
20/06/2022,1.65574E+15,Monday,e4e33b3c42f3c05e6ecc113b4532e044,x3vKlw36WLYCI1TFmw5pGUW7ye82,7354374022,1,2,1,109,0,0,1,1,1,1
20/06/2022,1.65573E+15,Monday,B6D2710FBB0A4E77805D055D8450A394,RrFRxE3TxhfRM7uFqVMaeflr3nA2,10638880999,1,2,1,8,1,1,1,1,0,1
05/09/2022,1.66238E+15,Monday,0DF35A4E5D2843B088016A4BE4166BB4,tX16o8oiCdT7bkmfqKE920zHg822,9192722001,0,0,1,6,0,0,1,1,0,1
05/09/2022,1.66238E+15,Monday,1FF256035BA247B0AF2480887ABD0434,0HvwSMtHYxPlehKCj1ALRXRixRF2,6640619002,0,0,1,34,0,0,1,1,0,1
08/08/2022,1.65996E+15,Monday,99ea1a7acf477a89dc63bdc9bcbb457d,Jt5BvcmpiUXU107rc1ySvTgTq4A2,155903004,0,0,1,8,0,0,1,1,0,0
08/08/2022,1.65995E+15,Monday,effbc254ba576278fa5d064491958314,ilkk3rXHfvRVozJzRT77tN1Bu9I2,3832430067,0,0,1,5,0,0,1,1,1,1
15/08/2022,1.66057E+15,Monday,0DF35A4E5D2843B088016A4BE4166BB4,tX16o8oiCdT7bkmfqKE920zHg822,713203001,0,0,1,6,0,0,1,1,0,1
15/08/2022,1.66057E+15,Monday,24E67F68C97C46CA94C83083EE5BFF18,rmzrZm9JLtYPiSCQo5ESlzqclj63,6829954010,1,4,1,3,0,0,1,1,1,1
26/09/2022,1.6642E+15,Monday,8E107987DE9247CCB46F60BE7D6BF60F,BkrsdTI3XGWm2fVNxnPSwzt8qO62,2841221019,0,0,1,2,0,0,1,0,0,1
26/09/2022,1.6642E+15,Monday,2561536DB8544A349BBC49980890ACFF,PPRiPIdE2ZMjvlFsbOsTDnnAvhN2,1402236001,0,0,1,4,0,0,1,1,0,1
26/09/2022,1.6642E+15,Monday,1FF256035BA247B0AF2480887ABD0434,qn0hSmruuzO3NqaBbXqWBBy1zEs2,4146248000,1,4,1,14,0,0,1,1,0,1
26/09/2022,1.6642E+15,Monday,C6D0D4C76B15451EA92CB7A655DCFF1F,iAPGv7XQSfc3IeC3meOS2hKslCj1,1242384011,1,1,1,2,0,0,1,1,0,1
27/06/2022,1.65633E+15,Monday,e4e33b3c42f3c05e6ecc113b4532e044,K9KeA6etCVe1opm6b1ThDsMiVW33,20762619094,1,61,1,119,0,0,1,1,1,1
18/07/2022,1.65813E+15,Monday,0f048677ad4a48d30e81501da52c8543,9HOR7rk4BINKxYHJ6kcGJ2Tr57o1,13469943000,0,0,1,3,0,0,1,1,1,1
01/08/2022,1.65934E+15,Monday,65fe7b5d2163cf33a20fdb612bdd1004,7iGXxZpjIKhKg3WYwbBb5ityvki2,20232303003,0,0,1,1,0,0,1,1,1,1
01/08/2022,1.65934E+15,Monday,24E67F68C97C46CA94C83083EE5BFF18,rmzrZm9JLtYPiSCQo5ESlzqclj63,19591510047,0,0,1,1,0,0,1,1,1,1
01/08/2022,1.65936E+15,Monday,B6D2710FBB0A4E77805D055D8450A394,c0bB50ZnccO2HKJWlvTypdxWPo32,4951625012,1,1,1,11,0,0,1,1,1,1
02/08/2022,1.65943E+15,Tuesday,effbc254ba576278fa5d064491958314,ilkk3rXHfvRVozJzRT77tN1Bu9I2,45339005,0,0,0,0,0,0,1,0,0,1
02/08/2022,1.65943E+15,Tuesday,24E67F68C97C46CA94C83083EE5BFF18,rmzrZm9JLtYPiSCQo5ESlzqclj63,28286634009,1,2,0,0,0,0,1,1,1,1
05/07/2022,1.65702E+15,Tuesday,697C86121B7D4185A0D68D1E7834FEB5,GyQYQpYoUNcWxOJKtyGe5MxXD9j2,114180001,0,0,0,0,0,0,1,0,0,1
16/08/2022,1.66064E+15,Tuesday,24E67F68C97C46CA94C83083EE5BFF18,rmzrZm9JLtYPiSCQo5ESlzqclj63,24380524028,0,0,0,0,0,0,1,0,1,0
27/09/2022,1.66427E+15,Tuesday,24E67F68C97C46CA94C83083EE5BFF18,rmzrZm9JLtYPiSCQo5ESlzqclj63,17998262020,0,0,0,0,0,0,1,1,0,0
27/09/2022,1.66427E+15,Tuesday,425BE6D7542E48E293126C8DECE56983,059VyWLoggdNE5iYtEKRPmN0Sk03,21443292008,0,0,0,0,0,0,1,1,0,1
27/09/2022,1.66427E+15,Tuesday,69F1E7390D9F42FAAC087B34E704620E,xOJQXkKR9BQGeGCqpiblh4yjJjm2,1279918019,0,0,0,0,0,0,1,1,0,0
13/09/2022,1.66306E+15,Tuesday,6073C1FFAA26452A922E43F33F55EDA6,m7B3CDKCROWoPWwEF9VZVgNzk9r2,7015264013,0,0,0,0,0,0,1,1,0,0
13/09/2022,1.66307E+15,Tuesday,B5B16DB35477465DA2AD1DBB01EB71EC,0PPfsV1L1YdzrBzloi3YV5WEV8C2,4380001,0,0,0,0,0,0,1,0,0,0
13/09/2022,1.66306E+15,Tuesday,1FF256035BA247B0AF2480887ABD0434,u5rBcShPqHO2Pyvg0Xwi4kZdsvR2,6451006,0,0,0,0,0,0,1,0,0,1
13/09/2022,1.66306E+15,Tuesday,24E67F68C97C46CA94C83083EE5BFF18,rmzrZm9JLtYPiSCQo5ESlzqclj63,17273774004,0,0,0,0,0,0,1,1,1,1
26/07/2022,1.65884E+15,Tuesday,B6D2710FBB0A4E77805D055D8450A394,RrFRxE3TxhfRM7uFqVMaeflr3nA2,1407246025,0,0,0,0,0,0,1,0,1,1
23/08/2022,1.66126E+15,Tuesday,9A6EDE6540B54BE2987FCEDDF4986A76,61gdPddDxtQcBdQycs15Z8UhYHl2,8603005,0,0,0,0,0,0,1,0,0,1
23/08/2022,1.66124E+15,Tuesday,A391EF765A384E7A87892321A332A1EB,SEDOsWrhcGMeeFW52zn3yHR0uc32,10467995,0,0,0,0,0,0,1,0,0,1
23/08/2022,1.66125E+15,Tuesday,06712EB31167440BBB3E7FE69E9FA1DD,SEDOsWrhcGMeeFW52zn3yHR0uc32,19354209040,0,0,0,0,0,0,1,1,1,1
23/08/2022,1.66124E+15,Tuesday,effbc254ba576278fa5d064491958314,SeQflhtOohaV0PLzC5qjH8MiihB3,1791527098,0,0,0,0,0,0,1,1,1,1
04/10/2022,1.66489E+15,Tuesday,81a509c7049ce926e3ebcdbac49fff0e,Qz1zcnjp3gc7VP3nmmmCYfWViyF3,3452976060,0,0,0,0,0,0,1,1,1,1
20/09/2022,1.66369E+15,Tuesday,8daebbe08b74c07d3edd9121074e996d,iwcMbVN3GEhBInwX0xFwG5UbKjw2,1577301051,0,0,0,0,0,0,1,1,1,1
12/07/2022,1.65763E+15,Tuesday,0f048677ad4a48d30e81501da52c8543,9HOR7rk4BINKxYHJ6kcGJ2Tr57o1,8713861004,1,4,0,0,0,0,1,0,1,1
12/07/2022,1.65764E+15,Tuesday,e4e33b3c42f3c05e6ecc113b4532e044,K9KeA6etCVe1opm6b1ThDsMiVW33,873797003,0,0,0,0,0,0,1,0,0,0
21/06/2022,1.6558E+15,Tuesday,e4e33b3c42f3c05e6ecc113b4532e044,x3vKlw36WLYCI1TFmw5pGUW7ye82,0,0,0,0,0,0,0,1,0,0,0
21/06/2022,1.65581E+15,Tuesday,4A38C21703EC41BCA1C0183A94F653DA,YkI4myH3iqYyVbOlePYRus6S2OO2,7123242030,0,0,0,0,0,0,1,1,0,0
09/08/2022,1.66004E+15,Tuesday,9A6EDE6540B54BE2987FCEDDF4986A76,fvvpm6afISaFbcNa4GF7m62D83n2,29319002002,0,0,0,0,0,0,1,1,0,1
09/08/2022,1.66006E+15,Tuesday,effbc254ba576278fa5d064491958314,ilkk3rXHfvRVozJzRT77tN1Bu9I2,4800804008,0,0,0,0,0,0,1,1,1,1
30/08/2022,1.66185E+15,Tuesday,5F14381EF7B640169F7D4496AFEECAD4,Vd622npvn1Sh8kMzbR45forKJIt1,3058762003,0,0,0,0,0,0,1,0,0,0
30/08/2022,1.66184E+15,Tuesday,CA987884BA0A47A4AF602B365E8F0E82,61gdPddDxtQcBdQycs15Z8UhYHl2,2546434004,0,0,0,0,0,0,1,0,0,1
02/08/2022,1.65944E+15,Tuesday,524199d664554e54d28f8bb40465cc86,jXERmJYownSEf2vjEPijM8dfZYv2,1256262073,0,0,1,16,0,0,1,1,1,1
05/07/2022,1.65702E+15,Tuesday,0f048677ad4a48d30e81501da52c8543,9HOR7rk4BINKxYHJ6kcGJ2Tr57o1,8576461016,0,0,1,5,0,0,1,1,1,1
16/08/2022,1.66067E+15,Tuesday,12b8871209c2c81f891fd66ac6663867,K9KeA6etCVe1opm6b1ThDsMiVW33,15060826000,0,0,1,35,0,0,1,1,0,0
16/08/2022,1.66064E+15,Tuesday,effbc254ba576278fa5d064491958314,SeQflhtOohaV0PLzC5qjH8MiihB3,17044134005,0,0,1,8,0,0,1,1,1,1
16/08/2022,1.66066E+15,Tuesday,99ea1a7acf477a89dc63bdc9bcbb457d,Jt5BvcmpiUXU107rc1ySvTgTq4A2,3309369044,0,0,1,21,0,0,1,1,1,1
27/09/2022,1.66427E+15,Tuesday,8A3BF6CFC3AC459DAE2B4E9546C9A4B1,m7Wv735EtvXddRYYehtPKxktlzg2,164501000,0,0,1,7,0,0,1,1,0,0
27/09/2022,1.66428E+15,Tuesday,65cc22ca4b3da382ffd0397a2214d8a0,LpojCM2iYLUcR4AYCcLWGyxkA6i1,225834008,0,0,1,13,0,0,1,1,0,1
27/09/2022,1.66427E+15,Tuesday,6073C1FFAA26452A922E43F33F55EDA6,m7B3CDKCROWoPWwEF9VZVgNzk9r2,29192918001,0,0,1,10,0,0,1,1,1,1
27/09/2022,1.66427E+15,Tuesday,1FF256035BA247B0AF2480887ABD0434,qn0hSmruuzO3NqaBbXqWBBy1zEs2,21814887018,1,3,1,18,0,0,1,1,1,1
13/09/2022,1.66307E+15,Tuesday,effbc254ba576278fa5d064491958314,SeQflhtOohaV0PLzC5qjH8MiihB3,924050024,0,0,1,3,0,0,1,1,1,1
13/09/2022,1.66306E+15,Tuesday,1FF256035BA247B0AF2480887ABD0434,K9ffHGwcTGhckoDxos4N5WDAj4o1,14490396002,1,3,1,34,0,0,1,1,1,1
26/07/2022,1.65883E+15,Tuesday,effbc254ba576278fa5d064491958314,ilkk3rXHfvRVozJzRT77tN1Bu9I2,5754409024,0,0,1,6,0,0,1,1,1,1
26/07/2022,1.65883E+15,Tuesday,99ea1a7acf477a89dc63bdc9bcbb457d,Jt5BvcmpiUXU107rc1ySvTgTq4A2,5701936004,0,0,1,4,0,0,1,1,1,1
26/07/2022,1.65884E+15,Tuesday,e83a33f72e24195902157cbd7948815f,PrAuQmY5qxZiJNyLRRRIIxCJpui2,302414008,1,18,1,10,0,0,1,1,1,1
26/07/2022,1.65883E+15,Tuesday,06465f703c9e466a2c340731a4a7330d,zBROU9jIdMhf9cFAs49YrLeiVHU2,423010001,1,2,1,131,0,0,1,1,1,1
26/07/2022,1.65885E+15,Tuesday,B6D2710FBB0A4E77805D055D8450A394,c0bB50ZnccO2HKJWlvTypdxWPo32,2339423010,1,2,1,23,0,0,1,1,1,1
26/07/2022,1.65883E+15,Tuesday,b91328642125c34635dc9abbdb4d4d38,7DBOyNkTmIbgh8gkB7aNdNGClO62,15811813054,1,5,1,48,0,0,1,1,1,1
26/07/2022,1.65883E+15,Tuesday,24E67F68C97C46CA94C83083EE5BFF18,GyQYQpYoUNcWxOJKtyGe5MxXD9j2,12941472000,1,3,1,5,0,0,1,1,0,1
26/07/2022,1.65883E+15,Tuesday,65fe7b5d2163cf33a20fdb612bdd1004,7iGXxZpjIKhKg3WYwbBb5ityvki2,29933192095,1,10,1,183,0,0,1,1,1,1
23/08/2022,1.66124E+15,Tuesday,24E67F68C97C46CA94C83083EE5BFF18,rmzrZm9JLtYPiSCQo5ESlzqclj63,13409912015,0,0,1,1,0,0,1,0,1,1
04/10/2022,1.66488E+15,Tuesday,6073C1FFAA26452A922E43F33F55EDA6,m7B3CDKCROWoPWwEF9VZVgNzk9r2,15466185003,0,0,1,1,0,0,1,1,1,1
04/10/2022,1.66489E+15,Tuesday,98376ED5FAEA4B779FFB8E17D51C0CA4,mZhPRMCe6ihCGgr4WLNKA74Lfcq2,2087823032,1,6,1,3,0,0,1,1,0,1
20/09/2022,1.66367E+15,Tuesday,6073C1FFAA26452A922E43F33F55EDA6,m7B3CDKCROWoPWwEF9VZVgNzk9r2,19890462014,1,1,1,4,0,0,1,1,1,1
12/07/2022,1.65763E+15,Tuesday,26852217116F4F0AAEDA1750A02D3E6F,EERMqgPi5fUcSD3V4tRcI6KNvHp1,1550011001,0,0,1,5,0,0,1,1,1,0
12/07/2022,1.65761E+15,Tuesday,A2ECCB4200624749A49AEEEB39069423,CK8zzagBwJaJz3eygIuvIWBL4Mu1,31427046003,1,2,1,5,0,0,1,1,1,1
21/06/2022,1.6558E+15,Tuesday,A2ECCB4200624749A49AEEEB39069423,059VyWLoggdNE5iYtEKRPmN0Sk03,21602464009,0,0,1,21,0,0,1,1,1,1
21/06/2022,1.6558E+15,Tuesday,e4e33b3c42f3c05e6ecc113b4532e044,K9KeA6etCVe1opm6b1ThDsMiVW33,17808443053,1,18,1,212,0,0,1,1,1,1
09/08/2022,1.66003E+15,Tuesday,24E67F68C97C46CA94C83083EE5BFF18,rmzrZm9JLtYPiSCQo5ESlzqclj63,31894475001,0,0,1,1,0,0,1,1,1,1
06/09/2022,1.66246E+15,Tuesday,0DF35A4E5D2843B088016A4BE4166BB4,tX16o8oiCdT7bkmfqKE920zHg822,4055260001,0,0,1,13,0,0,1,1,0,1
06/09/2022,1.66248E+15,Tuesday,1FF256035BA247B0AF2480887ABD0434,0HvwSMtHYxPlehKCj1ALRXRixRF2,4505546012,0,0,1,4,0,0,1,1,0,1
06/09/2022,1.66246E+15,Tuesday,effbc254ba576278fa5d064491958314,SeQflhtOohaV0PLzC5qjH8MiihB3,3430933008,1,1,1,4,0,0,1,1,1,1
06/09/2022,1.66246E+15,Tuesday,B5B16DB35477465DA2AD1DBB01EB71EC,0PPfsV1L1YdzrBzloi3YV5WEV8C2,25222068026,0,0,1,1,0,0,1,1,0,1
08/09/2022,1.66264E+15,Thursday,B5B16DB35477465DA2AD1DBB01EB71EC,0PPfsV1L1YdzrBzloi3YV5WEV8C2,472826008,1,1,0,0,0,0,1,0,0,1
08/09/2022,1.66263E+15,Thursday,1FF256035BA247B0AF2480887ABD0434,u5rBcShPqHO2Pyvg0Xwi4kZdsvR2,12750409005,1,3,0,0,0,0,1,1,0,1
21/07/2022,1.65842E+15,Thursday,6073C1FFAA26452A922E43F33F55EDA6,XvOwFcduWGfVfFdY7Dr4kOMHrhf2,10476042001,0,0,0,0,0,0,1,0,0,1
04/08/2022,1.6596E+15,Thursday,B6D2710FBB0A4E77805D055D8450A394,c0bB50ZnccO2HKJWlvTypdxWPo32,15548372000,0,0,0,0,0,0,1,1,0,1
04/08/2022,1.65961E+15,Thursday,8e55428a05c2f2cf61c4693764d57a13,jQCdI1W0U5YJYZBzp21cAHbieeg1,128210002,0,0,0,0,0,0,1,1,0,1
04/08/2022,1.6596E+15,Thursday,effbc254ba576278fa5d064491958314,ilkk3rXHfvRVozJzRT77tN1Bu9I2,19186252001,0,0,0,0,0,0,1,1,0,1
04/08/2022,1.6596E+15,Thursday,21238cfdbe0ac848fcf16e61b60a519a,90WdcgrBqrg4Ojr6APmWuhBXd3O2,27666735114,0,0,0,0,0,0,1,1,1,1
04/08/2022,1.65962E+15,Thursday,fc6f61992a68474bc830aa306bbdf0cb,s5sMqCayngaywqUZPIfa47lxMsm2,10995351051,0,0,0,0,0,0,1,1,1,1
04/08/2022,1.6596E+15,Thursday,24E67F68C97C46CA94C83083EE5BFF18,rmzrZm9JLtYPiSCQo5ESlzqclj63,21569269001,0,0,0,0,0,0,1,0,1,0
04/08/2022,1.65962E+15,Thursday,9A6EDE6540B54BE2987FCEDDF4986A76,fvvpm6afISaFbcNa4GF7m62D83n2,16888713003,0,0,0,0,0,0,1,1,1,1
04/08/2022,1.65957E+15,Thursday,12b8871209c2c81f891fd66ac6663867,K9KeA6etCVe1opm6b1ThDsMiVW33,68774346084,1,2,0,0,0,0,1,1,1,1
15/09/2022,1.66324E+15,Thursday,24E67F68C97C46CA94C83083EE5BFF18,rmzrZm9JLtYPiSCQo5ESlzqclj63,15449905009,0,0,0,0,0,0,1,0,1,0
15/09/2022,1.66323E+15,Thursday,B5B16DB35477465DA2AD1DBB01EB71EC,0PPfsV1L1YdzrBzloi3YV5WEV8C2,2196640015,0,0,0,0,0,0,1,0,1,1
16/06/2022,1.65539E+15,Thursday,6da67bb2aaf21867f35a6e537c93e555,sif4IFFqSkh4Z7UqmpS5witqzfS2,0,0,0,0,0,0,0,1,0,1,0
16/06/2022,1.65537E+15,Thursday,85fa5a601fce80d0cb60c1b7f300b0d4,f9KIUXkHopaZ15vvuFxlniG6Gne2,1954318009,0,0,0,0,0,0,1,0,0,1
16/06/2022,1.65539E+15,Thursday,65fe7b5d2163cf33a20fdb612bdd1004,hPGNI11lKYXyqJa8LpewjgHuCGM2,7540695099,0,0,0,0,0,0,1,1,0,1
16/06/2022,1.65537E+15,Thursday,86FC2908B7304681B89E431C2323B84E,jYyik9BEmbX4yfEZiFocRIiHwh12,48472010,0,0,0,0,0,0,1,1,0,1
29/09/2022,1.66444E+15,Thursday,425BE6D7542E48E293126C8DECE56983,059VyWLoggdNE5iYtEKRPmN0Sk03,24850602000,0,0,0,0,0,0,1,0,0,0
29/09/2022,1.66444E+15,Thursday,effbc254ba576278fa5d064491958314,SeQflhtOohaV0PLzC5qjH8MiihB3,17775567048,1,3,0,0,0,0,1,1,1,1
01/09/2022,1.66203E+15,Thursday,e50c33907c8ebe3556ef71747003327a,rvAjPBZYANgxmKBx6qP8Afg7ePO2,445266004,0,0,0,0,0,0,1,1,0,0
01/09/2022,1.66204E+15,Thursday,81a509c7049ce926e3ebcdbac49fff0e,Qz1zcnjp3gc7VP3nmmmCYfWViyF3,6702237004,0,0,0,0,0,0,1,1,1,1
01/09/2022,1.66204E+15,Thursday,70887D5A67A34259B76CC0E53B2E8CE7,LVYPweqplrfRruhleOlbpY44dwd2,191075032,1,2,0,0,0,0,1,1,1,1
07/07/2022,1.65719E+15,Thursday,ad6990b030b71b9731d5c99ce9d8a3e2,EwG7FHnawNhQZygZO4KAX8eMVDH2,59064002,0,0,0,0,0,0,1,0,1,0
07/07/2022,1.65721E+15,Thursday,B6D2710FBB0A4E77805D055D8450A394,RrFRxE3TxhfRM7uFqVMaeflr3nA2,104660000,0,0,0,0,0,0,1,0,0,0
07/07/2022,1.65721E+15,Thursday,0E67AFFD303E4A698E324EA929E477BF,1ZqWckV3xRQJZsRI7isnruzQjq02,527284005,0,0,0,0,0,0,1,0,0,1
18/08/2022,1.66081E+15,Thursday,12b8871209c2c81f891fd66ac6663867,K9KeA6etCVe1opm6b1ThDsMiVW33,28381132001,0,0,0,0,0,0,1,0,0,0
25/08/2022,1.66144E+15,Thursday,3CB69E374DCE47D5B96BC2C2A38C62A8,QOm0dFM4I0cVBydFtaJMWpgDYms1,317429006,0,0,0,0,0,0,1,0,0,0
28/07/2022,1.659E+15,Thursday,5F14381EF7B640169F7D4496AFEECAD4,YkI4myH3iqYyVbOlePYRus6S2OO2,46168009,0,0,0,0,0,0,1,0,0,0
28/07/2022,1.659E+15,Thursday,24E67F68C97C46CA94C83083EE5BFF18,GyQYQpYoUNcWxOJKtyGe5MxXD9j2,1412013021,0,0,0,0,0,0,1,1,0,0
28/07/2022,1.659E+15,Thursday,24E67F68C97C46CA94C83083EE5BFF18,rmzrZm9JLtYPiSCQo5ESlzqclj63,20146843001,0,0,0,0,0,0,1,1,1,1
28/07/2022,1.659E+15,Thursday,b91328642125c34635dc9abbdb4d4d38,BvsIWW02yVXShz0IPtjU0UDsNra2,2527035001,1,1,0,0,0,0,1,1,0,0
14/07/2022,1.65775E+15,Thursday,12b8871209c2c81f891fd66ac6663867,K9KeA6etCVe1opm6b1ThDsMiVW33,81100645002,0,0,0,0,0,0,1,0,0,0
22/09/2022,1.66386E+15,Thursday,36E0E136FB2D4202A45338787E74E15A,WU2VRzt3HxcDqDp0Aq702HK2Jup2,255167002,0,0,0,0,0,0,1,1,0,1
22/09/2022,1.66383E+15,Thursday,B5B16DB35477465DA2AD1DBB01EB71EC,SEDOsWrhcGMeeFW52zn3yHR0uc32,22622112012,0,0,0,0,0,0,1,1,1,1
22/09/2022,1.66383E+15,Thursday,425BE6D7542E48E293126C8DECE56983,059VyWLoggdNE5iYtEKRPmN0Sk03,32659061001,0,0,0,0,0,0,1,1,0,1
06/10/2022,1.66506E+15,Thursday,B4A463931C134FE4B238E672B68CF247,cN3zZBpXzCV9FgfMmAHdHqZrK3u2,117323005,0,0,0,0,0,0,1,0,0,0
06/10/2022,1.66506E+15,Thursday,6073C1FFAA26452A922E43F33F55EDA6,m7B3CDKCROWoPWwEF9VZVgNzk9r2,2603463005,0,0,0,0,0,0,1,1,0,0
06/10/2022,1.66504E+15,Thursday,425BE6D7542E48E293126C8DECE56983,059VyWLoggdNE5iYtEKRPmN0Sk03,410009015,0,0,0,0,0,0,1,0,0,1
08/09/2022,1.66264E+15,Thursday,0DF35A4E5D2843B088016A4BE4166BB4,ZS2eVjolJCS4kWylHOo9MfMAv6u1,9404446000,1,2,1,9,0,0,1,1,0,1
08/09/2022,1.66264E+15,Thursday,6073C1FFAA26452A922E43F33F55EDA6,m7B3CDKCROWoPWwEF9VZVgNzk9r2,5908346013,0,0,1,2,0,0,1,1,0,1
21/07/2022,1.65841E+15,Thursday,890AF9D4FA8D412D920C49789ACC2ABA,mZhPRMCe6ihCGgr4WLNKA74Lfcq2,10492650007,0,0,1,31,0,0,1,1,1,1
30/06/2022,1.65657E+15,Thursday,A2ECCB4200624749A49AEEEB39069423,CK8zzagBwJaJz3eygIuvIWBL4Mu1,34907270009,0,0,1,2,0,0,1,1,1,1
30/06/2022,1.65657E+15,Thursday,e4e33b3c42f3c05e6ecc113b4532e044,K9KeA6etCVe1opm6b1ThDsMiVW33,13308168004,1,19,1,133,0,0,1,1,1,1
04/08/2022,1.65961E+15,Thursday,E4CF360C9F58428D8006C9FD4EF2DD4B,CyO6Oe0HxvRZXxoianKOENkSRki2,18904131016,0,0,1,1,0,0,1,1,1,1
04/08/2022,1.65961E+15,Thursday,65fe7b5d2163cf33a20fdb612bdd1004,7iGXxZpjIKhKg3WYwbBb5ityvki2,25138797027,1,4,1,35,0,0,1,1,1,1
15/09/2022,1.66325E+15,Thursday,1FF256035BA247B0AF2480887ABD0434,K9ffHGwcTGhckoDxos4N5WDAj4o1,761991016,0,0,1,4,0,0,1,1,1,1
15/09/2022,1.66323E+15,Thursday,0DF35A4E5D2843B088016A4BE4166BB4,ZS2eVjolJCS4kWylHOo9MfMAv6u1,37294751006,1,1,1,23,0,0,1,1,1,1
16/06/2022,1.6554E+15,Thursday,412dfa3b46d33e1c67a82946bccd5a45,CK8zzagBwJaJz3eygIuvIWBL4Mu1,5142015041,1,3,1,82,0,0,1,1,0,1
29/09/2022,1.66446E+15,Thursday,5F28E9BD325C4451ADD4E93261D9AF3F,OAwowIPY07NOtYUF3ViyxEItUNM2,2421167000,0,0,1,5,0,0,1,0,0,1
29/09/2022,1.66446E+15,Thursday,B4A463931C134FE4B238E672B68CF247,cN3zZBpXzCV9FgfMmAHdHqZrK3u2,6455985003,0,0,1,5,0,0,1,1,0,1
29/09/2022,1.66446E+15,Thursday,0DF35A4E5D2843B088016A4BE4166BB4,ZS2eVjolJCS4kWylHOo9MfMAv6u1,9354192000,0,0,1,1,0,0,1,1,0,1
29/09/2022,1.66444E+15,Thursday,1FF256035BA247B0AF2480887ABD0434,qn0hSmruuzO3NqaBbXqWBBy1zEs2,21409503011,1,1,1,13,0,0,1,1,1,1
29/09/2022,1.66444E+15,Thursday,24E67F68C97C46CA94C83083EE5BFF18,rmzrZm9JLtYPiSCQo5ESlzqclj63,16178574017,1,3,1,7,0,0,1,1,0,0
01/09/2022,1.66203E+15,Thursday,da866b673b7c3b8be1cddedb7b4b8ea3,5tSSQoC52lNpgQ9bi736xWfl1cF2,3633739015,0,0,1,18,0,0,1,1,0,1
01/09/2022,1.66203E+15,Thursday,54DE3B08C179454BACFE0ABBC3950735,oRO6lo05lSR2IZEpkYQk0ewQjBW2,268873076,0,0,1,3,0,0,1,1,0,1
01/09/2022,1.66203E+15,Thursday,4EA568840ED64A69AB203159C15B12A3,OlVAIcxa7ybnHdhGqcBeUqqeG5k1,781179062,0,0,1,12,0,0,1,1,0,1
01/09/2022,1.66203E+15,Thursday,2293B8E9122F450F8F7837419B8D896A,yRbRtm3dLsY2CoC0HKYJLmNfVa13,2305268007,0,0,1,2,0,0,1,1,1,1
01/09/2022,1.66204E+15,Thursday,CA987884BA0A47A4AF602B365E8F0E82,61gdPddDxtQcBdQycs15Z8UhYHl2,6818554001,1,9,1,17,0,0,1,1,1,1
07/07/2022,1.65718E+15,Thursday,0f048677ad4a48d30e81501da52c8543,9HOR7rk4BINKxYHJ6kcGJ2Tr57o1,17940331000,1,3,1,49,0,0,1,1,1,1
18/08/2022,1.66084E+15,Thursday,9A6EDE6540B54BE2987FCEDDF4986A76,61gdPddDxtQcBdQycs15Z8UhYHl2,1416463009,0,0,1,2,0,0,1,1,1,1
25/08/2022,1.66142E+15,Thursday,7EB95B87E2394E79A0AE9F92E5B3085A,DXD5rUp8htW2y0pkbXN3z6oJWFt2,1138357993,1,1,1,11,0,0,1,1,0,0
25/08/2022,1.66142E+15,Thursday,effbc254ba576278fa5d064491958314,SeQflhtOohaV0PLzC5qjH8MiihB3,6691978999,1,5,1,1,0,0,1,1,1,1
28/07/2022,1.659E+15,Thursday,fc6f61992a68474bc830aa306bbdf0cb,s5sMqCayngaywqUZPIfa47lxMsm2,8909693006,1,2,1,11,0,0,1,1,1,1
28/07/2022,1.659E+15,Thursday,b90433f4bd48885acace0d3c31c40fff,cCRbQda0h8S2c2q7hT4rlx3vICJ3,479715005,0,0,1,24,0,0,1,1,1,1
22/09/2022,1.66385E+15,Thursday,19fb71d264a3a94997f18064f5088df5,sbHX9TCBrdRjtBRqD5i3VCr6Uma2,7045093091,0,0,1,66,0,0,1,1,0,1
22/09/2022,1.66385E+15,Thursday,38FAD4AA5FE443718B57BE2AA29CB06C,xJPhZQDZozYXDyOqDP8hq4POuNg1,1425994011,0,0,1,3,0,0,1,1,1,1
22/09/2022,1.66383E+15,Thursday,1FF256035BA247B0AF2480887ABD0434,qn0hSmruuzO3NqaBbXqWBBy1zEs2,18642351011,1,2,1,11,0,0,1,1,1,1
22/09/2022,1.66384E+15,Thursday,0DF35A4E5D2843B088016A4BE4166BB4,ZS2eVjolJCS4kWylHOo9MfMAv6u1,10234519000,1,3,1,9,0,0,1,1,0,1
06/10/2022,1.66504E+15,Thursday,1FF256035BA247B0AF2480887ABD0434,qn0hSmruuzO3NqaBbXqWBBy1zEs2,21676862001,1,17,1,28,0,0,1,1,1,1
06/10/2022,1.66505E+15,Thursday,132e99056f3b738630b5081716dbf2c0,HNlD2D4fU8YydtPAeaN3WOzVNdG3,1132737010,0,0,1,81,0,0,1,1,0,1
31/08/2022,1.66195E+15,Wednesday,B5B16DB35477465DA2AD1DBB01EB71EC,0PPfsV1L1YdzrBzloi3YV5WEV8C2,9736810009,0,0,0,0,0,0,1,1,0,0
14/09/2022,1.66315E+15,Wednesday,24E67F68C97C46CA94C83083EE5BFF18,rmzrZm9JLtYPiSCQo5ESlzqclj63,13797049026,0,0,0,0,0,0,1,1,1,0
15/06/2022,1.65531E+15,Wednesday,85fa5a601fce80d0cb60c1b7f300b0d4,f9KIUXkHopaZ15vvuFxlniG6Gne2,2000118003,0,0,0,0,0,0,1,0,0,1
03/08/2022,1.65953E+15,Wednesday,12b8871209c2c81f891fd66ac6663867,K9KeA6etCVe1opm6b1ThDsMiVW33,32682975288,0,0,0,0,0,0,1,0,1,0
03/08/2022,1.65951E+15,Wednesday,24E67F68C97C46CA94C83083EE5BFF18,rmzrZm9JLtYPiSCQo5ESlzqclj63,13407286013,0,0,0,0,0,0,1,0,1,0
03/08/2022,1.65953E+15,Wednesday,EEA92CF6F0EE4C88A38849F6BDD411DA,9LqXCeXon5VYNuLTSqeG9kiiMFu1,361743002,0,0,0,0,0,0,1,1,0,1
20/07/2022,1.65832E+15,Wednesday,FBA582D4EF2E47088C22BE6184FAF116,40lWHXKtl6T0LrQd3NOJgpBexLI3,1914392000,0,0,0,0,0,0,1,0,0,0
20/07/2022,1.65832E+15,Wednesday,65fe7b5d2163cf33a20fdb612bdd1004,JNOlg7nb0caoxuX50BTT20pJ8aB3,2112599104,1,6,0,0,0,0,1,1,1,1
27/07/2022,1.65891E+15,Wednesday,24E67F68C97C46CA94C83083EE5BFF18,GyQYQpYoUNcWxOJKtyGe5MxXD9j2,20304873022,0,0,0,0,0,0,1,1,1,1
28/09/2022,1.66437E+15,Wednesday,effbc254ba576278fa5d064491958314,SeQflhtOohaV0PLzC5qjH8MiihB3,85934005,1,5,0,0,0,0,1,0,0,1
28/09/2022,1.66436E+15,Wednesday,24E67F68C97C46CA94C83083EE5BFF18,rmzrZm9JLtYPiSCQo5ESlzqclj63,11495002005,0,0,0,0,0,0,1,1,0,0
28/09/2022,1.66437E+15,Wednesday,B5B16DB35477465DA2AD1DBB01EB71EC,SEDOsWrhcGMeeFW52zn3yHR0uc32,1492670062,0,0,0,0,0,0,1,1,0,1
28/09/2022,1.66437E+15,Wednesday,425BE6D7542E48E293126C8DECE56983,059VyWLoggdNE5iYtEKRPmN0Sk03,2177459043,0,0,0,0,0,0,1,1,0,0
13/07/2022,1.65772E+15,Wednesday,A2ECCB4200624749A49AEEEB39069423,CK8zzagBwJaJz3eygIuvIWBL4Mu1,90285998,0,0,0,0,0,0,1,1,0,0
24/08/2022,1.66136E+15,Wednesday,B5B16DB35477465DA2AD1DBB01EB71EC,0PPfsV1L1YdzrBzloi3YV5WEV8C2,3554181002,0,0,0,0,0,0,1,1,0,0
24/08/2022,1.66133E+15,Wednesday,06712EB31167440BBB3E7FE69E9FA1DD,SEDOsWrhcGMeeFW52zn3yHR0uc32,5538874007,0,0,0,0,0,0,1,1,0,1
24/08/2022,1.66136E+15,Wednesday,20b8bea38632a01c6acc5226623ca77a,IsphVdDvTkPZ2CuQIHRGCieBJkj2,1657443040,0,0,0,0,0,0,1,1,1,1
17/08/2022,1.66073E+15,Wednesday,24E67F68C97C46CA94C83083EE5BFF18,rmzrZm9JLtYPiSCQo5ESlzqclj63,19976322023,0,0,0,0,0,0,1,1,1,0
17/08/2022,1.66072E+15,Wednesday,12b8871209c2c81f891fd66ac6663867,K9KeA6etCVe1opm6b1ThDsMiVW33,43650261001,0,0,0,0,0,0,1,0,1,0
17/08/2022,1.66074E+15,Wednesday,A391EF765A384E7A87892321A332A1EB,SEDOsWrhcGMeeFW52zn3yHR0uc32,83272003,0,0,0,0,0,0,1,0,0,1
21/09/2022,1.66375E+15,Wednesday,bf93d89a18a9ad80016985c107a47a6d,1dt4gEOt86Ru8IaCyFzjAwWOoGG3,0,0,0,0,0,0,0,1,0,0,0
21/09/2022,1.66377E+15,Wednesday,11dbdf35f72474c4b55a7e630bb29d9e,lnScbslfJ5U7Khe3HBGZyVCz3Jg1,555170000,0,0,0,0,0,0,1,1,0,1
21/09/2022,1.66377E+15,Wednesday,1FF256035BA247B0AF2480887ABD0434,qn0hSmruuzO3NqaBbXqWBBy1zEs2,1108752006,0,0,0,0,0,0,1,1,0,1
21/09/2022,1.66377E+15,Wednesday,425BE6D7542E48E293126C8DECE56983,059VyWLoggdNE5iYtEKRPmN0Sk03,2251367001,0,0,0,0,0,0,1,1,0,1
21/09/2022,1.66375E+15,Wednesday,1FF256035BA247B0AF2480887ABD0434,K9ffHGwcTGhckoDxos4N5WDAj4o1,23254444000,0,0,0,0,0,0,1,1,1,1
21/09/2022,1.66375E+15,Wednesday,6073C1FFAA26452A922E43F33F55EDA6,m7B3CDKCROWoPWwEF9VZVgNzk9r2,26591220017,0,0,0,0,0,0,1,1,1,1
21/09/2022,1.66376E+15,Wednesday,effbc254ba576278fa5d064491958314,SeQflhtOohaV0PLzC5qjH8MiihB3,1863226176,1,3,0,0,0,0,1,1,1,1
21/09/2022,1.66375E+15,Wednesday,bf93d89a18a9ad80016985c107a47a6d,lZnh6eX7r1fbnjwSQAh9nwMLVpP2,13713924007,1,5,0,0,0,0,1,1,1,1
21/09/2022,1.66376E+15,Wednesday,ddd328685597e248f7f8637b63ca409a,eJ6qvKq1SIRzTpbPgxRmZEAwO1Z2,11638133003,1,6,0,0,0,0,1,1,1,1
21/09/2022,1.66375E+15,Wednesday,802d14bce7dab89aeaca6d19646c669d,5XDA9ce1lFMBvi3RPkRkykm4Ub42,5433565000,1,6,0,0,0,0,1,1,1,1
10/08/2022,1.66015E+15,Wednesday,effbc254ba576278fa5d064491958314,SeQflhtOohaV0PLzC5qjH8MiihB3,78993002,0,0,0,0,0,0,1,0,0,1
10/08/2022,1.66012E+15,Wednesday,24E67F68C97C46CA94C83083EE5BFF18,rmzrZm9JLtYPiSCQo5ESlzqclj63,29923976020,0,0,0,0,0,0,1,1,1,0
31/08/2022,1.66196E+15,Wednesday,CA987884BA0A47A4AF602B365E8F0E82,61gdPddDxtQcBdQycs15Z8UhYHl2,1333737015,0,0,1,2,0,0,1,1,0,1
31/08/2022,1.66196E+15,Wednesday,435E180186744D1FAD851A928FD67CE7,01Ka3xx7ICMTlmMR8RiGzr36Qm42,4290310007,0,0,1,13,0,0,1,1,0,1
31/08/2022,1.66193E+15,Wednesday,6073C1FFAA26452A922E43F33F55EDA6,XvOwFcduWGfVfFdY7Dr4kOMHrhf2,10650247000,1,1,1,1,0,0,1,1,0,1
31/08/2022,1.66193E+15,Wednesday,5F14381EF7B640169F7D4496AFEECAD4,Vd622npvn1Sh8kMzbR45forKJIt1,9478636000,1,4,1,7,0,0,1,1,0,1
14/09/2022,1.66316E+15,Wednesday,1FF256035BA247B0AF2480887ABD0434,K9ffHGwcTGhckoDxos4N5WDAj4o1,18292528006,0,0,1,3,0,0,1,1,0,1
14/09/2022,1.66316E+15,Wednesday,0DF35A4E5D2843B088016A4BE4166BB4,ZS2eVjolJCS4kWylHOo9MfMAv6u1,13326466015,1,1,1,6,0,0,1,1,0,1
15/06/2022,1.6553E+15,Wednesday,a4203e268dc3b2d51e1c89ae62c90161,wNgc5RxnJGfInNfHItcrdA2D8Hz1,10929685001,1,7,1,534,0,0,1,1,0,1
03/08/2022,1.65953E+15,Wednesday,9A6EDE6540B54BE2987FCEDDF4986A76,XSLY8RGwSvQmjWW29jUsrFsnmXd2,13058257006,0,0,1,22,0,0,1,1,1,1
03/08/2022,1.65951E+15,Wednesday,effbc254ba576278fa5d064491958314,ilkk3rXHfvRVozJzRT77tN1Bu9I2,16939634001,0,0,1,27,0,0,1,1,0,1
29/06/2022,1.6565E+15,Wednesday,e4e33b3c42f3c05e6ecc113b4532e044,K9KeA6etCVe1opm6b1ThDsMiVW33,10463313005,1,2,1,68,0,0,1,1,1,1
20/07/2022,1.65832E+15,Wednesday,890AF9D4FA8D412D920C49789ACC2ABA,mZhPRMCe6ihCGgr4WLNKA74Lfcq2,13415717009,0,0,1,32,0,0,1,1,1,1
20/07/2022,1.6583E+15,Wednesday,65fe7b5d2163cf33a20fdb612bdd1004,hPGNI11lKYXyqJa8LpewjgHuCGM2,21067370017,1,20,1,20,0,0,1,1,1,1
20/07/2022,1.65832E+15,Wednesday,12b8871209c2c81f891fd66ac6663867,K9KeA6etCVe1opm6b1ThDsMiVW33,16807110001,1,21,1,106,0,0,1,1,1,1
27/07/2022,1.65891E+15,Wednesday,effbc254ba576278fa5d064491958314,ilkk3rXHfvRVozJzRT77tN1Bu9I2,10307447022,1,4,1,1,0,0,1,1,1,1
28/09/2022,1.66437E+15,Wednesday,1FF256035BA247B0AF2480887ABD0434,qn0hSmruuzO3NqaBbXqWBBy1zEs2,2131111015,0,0,1,5,0,0,1,1,0,1
28/09/2022,1.66438E+15,Wednesday,037a65f45e8fb37039108a686bf3ebe1,CCMxG4rXWvcC4J8xUbizjCz9vlq2,9496317001,1,12,1,42,0,0,1,1,0,1
28/09/2022,1.66438E+15,Wednesday,e086b005b05965ffe236c3bcc8546d4b,2YxnK7j2xMfC5IaROt76siUwt3x1,17264048013,1,42,1,251,0,0,1,1,0,1
06/07/2022,1.65712E+15,Wednesday,98487EC375EE4860BB883202AB1AEA8A,e92QUJBruOgQMmFP9XE68gjTm0F2,915434014,0,0,1,17,0,0,1,1,1,1
06/07/2022,1.6571E+15,Wednesday,0f048677ad4a48d30e81501da52c8543,9HOR7rk4BINKxYHJ6kcGJ2Tr57o1,30826185015,1,9,1,222,0,0,1,1,1,1
06/07/2022,1.65711E+15,Wednesday,E4CF360C9F58428D8006C9FD4EF2DD4B,CyO6Oe0HxvRZXxoianKOENkSRki2,2777594010,1,2,1,8,0,0,1,1,0,1
06/07/2022,1.65711E+15,Wednesday,ad6990b030b71b9731d5c99ce9d8a3e2,EwG7FHnawNhQZygZO4KAX8eMVDH2,11291453037,1,25,1,450,0,0,1,1,1,1
13/07/2022,1.6577E+15,Wednesday,890AF9D4FA8D412D920C49789ACC2ABA,mZhPRMCe6ihCGgr4WLNKA74Lfcq2,3278254003,1,2,1,16,0,0,1,1,1,1
13/07/2022,1.6577E+15,Wednesday,12b8871209c2c81f891fd66ac6663867,K9KeA6etCVe1opm6b1ThDsMiVW33,46985776004,1,13,1,76,0,0,1,1,0,1
24/08/2022,1.66136E+15,Wednesday,99a6a26a5615c3d9f44eaafd6050272e,99JO9oraQngRj9kpMGmOzBlzHfq1,390873001,1,6,1,2,0,0,1,1,0,1
24/08/2022,1.66133E+15,Wednesday,5F14381EF7B640169F7D4496AFEECAD4,Vd622npvn1Sh8kMzbR45forKJIt1,27452907000,1,3,1,21,0,0,1,1,0,1
24/08/2022,1.66132E+15,Wednesday,CA987884BA0A47A4AF602B365E8F0E82,61gdPddDxtQcBdQycs15Z8UhYHl2,38664070034,1,8,1,8,0,0,1,1,1,1
17/08/2022,1.66074E+15,Wednesday,effbc254ba576278fa5d064491958314,SeQflhtOohaV0PLzC5qjH8MiihB3,570626020,1,6,1,15,0,0,1,1,0,1
17/08/2022,1.66074E+15,Wednesday,99ea1a7acf477a89dc63bdc9bcbb457d,Jt5BvcmpiUXU107rc1ySvTgTq4A2,11227802040,1,16,1,5,0,0,1,1,1,1
17/08/2022,1.66074E+15,Wednesday,c4b467c2c9d4b62be5ce8cc305ebfde2,1rZ75KW4kxWsnqZ1oP4DUpo9Wdr2,860330050,1,7,1,23,0,0,1,1,1,1
22/06/2022,1.65591E+15,Wednesday,e4e33b3c42f3c05e6ecc113b4532e044,K9KeA6etCVe1opm6b1ThDsMiVW33,13146197040,0,0,1,47,0,0,1,1,1,1
22/06/2022,1.65592E+15,Wednesday,A2ECCB4200624749A49AEEEB39069423,059VyWLoggdNE5iYtEKRPmN0Sk03,3473547013,0,0,1,7,0,0,1,1,1,1
21/09/2022,1.66375E+15,Wednesday,2870cb5ae4f93dba7ae336130a01f15b,1dt4gEOt86Ru8IaCyFzjAwWOoGG3,386710007,1,1,1,12,0,0,1,1,1,1
10/08/2022,1.66014E+15,Wednesday,effbc254ba576278fa5d064491958314,ilkk3rXHfvRVozJzRT77tN1Bu9I2,11616225024,0,0,1,7,0,0,1,1,1,1
10/08/2022,1.66014E+15,Wednesday,9A6EDE6540B54BE2987FCEDDF4986A76,fvvpm6afISaFbcNa4GF7m62D83n2,2275498002,0,0,1,8,0,0,1,1,1,1
10/08/2022,1.66015E+15,Wednesday,9A6EDE6540B54BE2987FCEDDF4986A76,61gdPddDxtQcBdQycs15Z8UhYHl2,2152499003,0,0,1,18,0,0,1,1,0,1
