session_id,index,customer_type,session_duration_microseconds,signed_up,pages_visited,app_removed,personalise_store_pageviews,purposeful_shelves_pageviews,digi_me_pageviews,homepage_duration_microseconds,add_to_cart,scan_qr,notification_open,notification_receive,price,quantity,total_cost,entered_store,visited_purposeful_shelves,entered_dm,visited_digi_me,visited_personalised_store,entered_welcome,entered_purposeful_shelves,cos_month,cos_wday,completed_transaction
1664453596.0,193,0,4.572320674898396e-05,0,2,0,0,1,0,0.0006176629178582,0,0,0,0,0.0,0.0,0.0,1.0,1.0,1.0,0.0,1.0,1.0,1.0,0.1564344650402309,0.6234898018587336,0
1664457698.0,637,1,0.0099036715888587,1,22,0,1,0,0,7.285452087796894e-07,0,0,0,0,0.0,0.0,0.0,0.0,0.0,0.0,0.0,0.0,0.0,0.0,0.1564344650402309,0.6234898018587336,0
1655454534.0,847,1,0.0001072296823983,0,3,0,0,2,0,2.226189184467269e-07,0,0,0,0,0.0,0.0,0.0,0.0,0.0,0.0,0.0,0.0,0.0,0.0,0.5877852522924731,0.4338837391175582,0
1651748337.0,114,0,0.0090401641551869,1,7,0,3,0,0,0.0,0,0,0,0,0.0,0.0,0.0,0.0,0.0,0.0,0.0,0.0,0.0,0.0,0.7071067811865476,0.6234898018587336,0
1664365907.0,609,0,0.0049187527438781,0,13,0,10,1,0,1.8506501089645151e-06,0,0,0,0,0.0,0.0,0.0,0.0,0.0,0.0,0.0,0.0,0.0,0.0,0.1564344650402309,0.7818314824680298,0
1657642805.0,1306,0,0.0378192851338893,0,0,0,0,0,0,0.0,0,0,0,0,0.0,0.0,0.0,0.0,0.0,0.0,0.0,0.0,0.0,0.0,0.4539904997395468,0.9009688679024191,0
1648546864.0,384,0,0.0917626946872489,0,5,0,4,10,0,1.6576767018234315e-05,0,7,0,1,0.0,0.0,0.0,0.0,0.0,0.0,0.0,0.0,0.0,0.0,0.8910065241883679,0.9009688679024191,0
1661263773.0,1121,1,0.0473609736934832,0,17,0,5,0,0,0.0055628708688655,0,0,0,0,0.0,0.0,0.0,0.0,0.0,0.0,0.0,0.0,0.0,0.0,0.3090169943749474,0.9009688679024191,0
1660740022.0,938,0,0.0014193075981676,0,11,0,0,0,0,9.712101957683147e-07,0,0,0,0,0.0,0.0,0.0,0.0,0.0,0.0,0.0,0.0,0.0,0.0,0.3090169943749474,0.7818314824680298,0
1649921500.0,755,0,2.9017473926458208e-06,0,3,0,0,0,0,0.0,0,0,0,0,0.0,0.0,0.0,0.0,0.0,0.0,0.0,0.0,0.0,0.0,0.8090169943749475,0.6234898018587336,0
1655594305.0,1284,1,0.0002036000361478,0,6,0,0,0,0,0.0,0,0,0,0,0.0,0.0,0.0,0.0,0.0,0.0,0.0,0.0,0.0,0.0,0.5877852522924731,6.123233995736766e-17,0
1663694906.0,370,0,0.0002065014318241,0,2,0,0,0,0,0.0,0,0,0,0,0.0,0.0,0.0,0.0,0.0,0.0,0.0,0.0,0.0,0.0,0.1564344650402309,0.9009688679024191,0
1663061683.0,1302,1,0.0024696638758331,0,5,0,0,0,0,0.0,0,0,0,0,0.0,0.0,0.0,0.0,0.0,0.0,0.0,0.0,0.0,0.0,0.1564344650402309,0.9009688679024191,0
1649853022.0,393,0,0.1077585758263083,0,20,0,12,0,0,0.0074673666452722,0,0,0,0,0.0,0.0,0.0,0.0,0.0,0.0,0.0,0.0,0.0,0.0,0.8090169943749475,0.7818314824680298,0
1663764780.0,1380,0,0.2233089425066209,0,2,1,0,0,0,0.0,0,0,0,0,0.0,0.0,0.0,0.0,0.0,0.0,0.0,0.0,0.0,0.0,0.1564344650402309,0.7818314824680298,0
1655518713.0,1313,1,0.0001845194269479,0,6,0,0,0,0,0.0,0,0,0,0,0.0,0.0,0.0,0.0,0.0,0.0,0.0,0.0,0.0,0.0,0.5877852522924731,0.2225209339563144,0
1656072842.0,415,0,0.003671215296479,0,7,0,0,0,0,0.0,0,0,0,0,0.0,0.0,0.0,0.0,0.0,0.0,0.0,0.0,0.0,0.0,0.5877852522924731,0.4338837391175582,0
1659426024.0,158,0,0.0002101944529596,0,2,0,0,0,0,0.0002822945075447,0,0,0,0,0.0,0.0,0.0,0.0,0.0,0.0,0.0,0.0,0.0,0.0,0.3090169943749474,0.9009688679024191,0
1657028582.0,1046,0,0.0009966763689511,0,5,0,0,0,0,1.041462147474506e-06,0,0,0,0,0.0,0.0,0.0,0.0,0.0,0.0,0.0,0.0,0.0,0.0,0.4539904997395468,0.9009688679024191,0
1655455622.0,277,0,0.1980544374263975,0,31,0,0,33,0,5.674982455333744e-05,0,22,0,0,0.0,0.0,0.0,0.0,0.0,0.0,0.0,0.0,0.0,0.0,0.5877852522924731,0.4338837391175582,0
1657506131.0,1270,1,0.0001985441143552,0,6,0,0,0,0,0.0,0,0,0,0,0.0,0.0,0.0,0.0,0.0,0.0,0.0,0.0,0.0,0.0,0.4539904997395468,0.9749279121818236,0
1657698087.0,237,1,0.144982602535522,1,123,0,12,31,0,0.000979793747,1,3,0,0,0.0,0.0,0.0,0.0,0.0,0.0,0.0,0.0,0.0,0.0,0.4539904997395468,0.7818314824680298,0
1650451237.0,1082,0,0.0001542275969425,0,2,0,0,0,0,0.0155327307335104,0,0,0,0,0.0,0.0,0.0,0.0,0.0,0.0,0.0,0.0,0.0,0.0,0.8090169943749475,0.7818314824680298,0
1657095090.0,488,0,0.0005102525081443,0,8,0,0,0,0,4.454211915292733e-07,0,0,0,0,0.0,0.0,0.0,0.0,0.0,0.0,0.0,0.0,0.0,0.0,0.4539904997395468,0.7818314824680298,0
1657625698.0,982,0,0.2851597048873907,0,76,0,10,6,0,0.0004182385979899,0,2,0,0,0.0,0.0,0.0,0.0,0.0,0.0,0.0,0.0,0.0,0.0,0.4539904997395468,0.9009688679024191,0
1661244509.0,614,1,0.0318791258369201,0,31,0,0,2,0,4.464041599617474e-05,0,0,0,0,0.0,0.0,0.0,0.0,0.0,0.0,0.0,0.0,0.0,0.0,0.3090169943749474,0.9009688679024191,0
1662454692.0,330,1,0.0036922737822841,0,6,0,0,3,0,2.8885253468933616e-06,0,0,0,0,0.0,0.0,0.0,0.0,0.0,0.0,0.0,0.0,0.0,0.0,0.1564344650402309,0.9009688679024191,0
1663246888.0,565,0,0.0015321201173383,0,13,0,0,3,0,0.0,0,0,0,0,0.0,0.0,0.0,0.0,0.0,0.0,0.0,0.0,0.0,0.0,0.1564344650402309,0.6234898018587336,0
1661348053.0,24,0,0.0031580168126175,1,26,0,5,0,0,1.0926334378534447e-05,0,0,0,0,0.0,0.0,0.0,0.0,0.0,0.0,0.0,0.0,0.0,0.0,0.3090169943749474,0.7818314824680298,0
1650844324.0,1277,0,0.0022075039992212,0,17,0,0,0,0,0.0,0,0,0,0,0.0,0.0,0.0,0.0,0.0,0.0,0.0,0.0,0.0,0.0,0.8090169943749475,0.9749279121818236,0
1657212997.0,1208,1,0.0041382061283548,1,8,0,1,0,0,0.2236807017866502,0,0,0,0,0.0,0.0,0.0,0.0,0.0,0.0,0.0,0.0,0.0,0.0,0.4539904997395468,0.6234898018587336,0
1656434018.0,577,0,0.0003069164790431,0,4,0,0,0,0,0.0,0,0,0,0,0.0,0.0,0.0,0.0,0.0,0.0,0.0,0.0,0.0,0.0,0.5877852522924731,0.9009688679024191,0
1655827515.0,1305,0,0.0020305900855145,0,6,0,0,0,0,0.0,0,0,0,0,0.0,0.0,0.0,0.0,0.0,0.0,0.0,0.0,0.0,0.0,0.5877852522924731,0.9009688679024191,0
1656675748.0,442,1,0.1564868026221543,0,6,0,0,31,0,5.85042886961959e-06,0,28,0,0,0.0,0.0,0.0,0.0,0.0,0.0,0.0,0.0,0.0,0.0,0.4539904997395468,0.4338837391175582,0
1651852425.0,956,0,0.0004233346178491,0,5,0,0,1,0,5.373745528776746e-07,0,0,0,0,0.0,0.0,0.0,0.0,0.0,0.0,0.0,0.0,0.0,0.0,0.7071067811865476,0.4338837391175582,0
1652890460.0,1189,0,0.0786101757275135,0,56,0,0,45,0,0.1723377256301091,0,0,0,0,0.0,0.0,0.0,0.0,0.0,0.0,0.0,0.0,0.0,0.0,0.7071067811865476,0.7818314824680298,0
1662475080.0,1210,0,0.2379242943521583,0,45,0,0,16,0,2.922732940386755e-06,0,1,0,0,0.0,0.0,0.0,0.0,0.0,0.0,0.0,0.0,0.0,0.0,0.1564344650402309,0.9009688679024191,0
1661256221.0,154,0,0.0,0,1,0,0,0,0,0.0,0,0,0,0,0.0,0.0,0.0,0.0,0.0,0.0,0.0,0.0,0.0,0.0,0.3090169943749474,0.9009688679024191,0
1658840708.0,1297,1,0.0001819255192456,0,6,0,0,0,0,0.0,0,0,0,0,0.0,0.0,0.0,0.0,0.0,0.0,0.0,0.0,0.0,0.0,0.4539904997395468,0.9009688679024191,0
1662539695.0,1211,0,0.0003821401541256,0,11,0,0,0,0,0.0,0,0,0,0,0.0,0.0,0.0,0.0,0.0,0.0,0.0,0.0,0.0,0.0,0.1564344650402309,0.7818314824680298,0
1659097441.0,89,1,0.0068567533379242,1,26,0,1,0,0,1.0651857913950217e-06,0,0,0,0,0.0,0.0,0.0,0.0,0.0,0.0,0.0,0.0,0.0,0.0,0.4539904997395468,0.4338837391175582,0
1661870065.0,535,0,0.0084670427983105,0,43,0,8,2,0,0.0008445066242149,0,0,0,0,0.0,0.0,0.0,0.0,0.0,0.0,0.0,0.0,0.0,0.0,0.3090169943749474,0.9009688679024191,0
1650971078.0,1074,0,0.000155106887689,0,2,0,0,0,0,0.0012024613107005,0,0,0,0,0.0,0.0,0.0,0.0,0.0,0.0,0.0,0.0,0.0,0.0,0.8090169943749475,0.9009688679024191,0
1665160696.0,61,1,0.0,0,1,0,0,0,0,0.0,0,0,0,0,0.0,0.0,0.0,0.0,0.0,0.0,0.0,0.0,0.0,0.0,6.123233995736766e-17,0.4338837391175582,0
1661338225.0,625,1,0.0014070852809326,0,8,0,0,0,0,4.112147934271869e-07,0,0,0,0,0.0,0.0,0.0,0.0,0.0,0.0,0.0,0.0,0.0,0.0,0.3090169943749474,0.7818314824680298,0
1665168886.0,1032,0,1.4288606524833636e-05,0,4,0,0,0,0,0.0,0,0,0,0,0.0,0.0,0.0,0.0,0.0,0.0,0.0,0.0,0.0,0.0,6.123233995736766e-17,0.4338837391175582,0
1656080112.0,642,0,0.0016035186138862,0,7,0,0,0,0,0.0002053851457917,0,0,0,0,0.0,0.0,0.0,0.0,0.0,0.0,0.0,0.0,0.0,0.0,0.5877852522924731,0.4338837391175582,0
1661349139.0,58,1,0.0062358421772573,0,6,0,0,0,0,0.0,0,0,0,0,0.0,0.0,0.0,1.0,0.0,1.0,0.0,0.0,1.0,1.0,0.3090169943749474,0.7818314824680298,0
1660918488.0,1249,1,0.0,0,0,0,0,0,0,0.0,0,0,0,0,0.0,0.0,0.0,0.0,0.0,0.0,0.0,0.0,0.0,0.0,0.3090169943749474,0.4338837391175582,0
1655738328.0,416,0,0.0,0,1,0,0,1,0,0.0,0,0,0,0,0.0,0.0,0.0,0.0,0.0,0.0,0.0,0.0,0.0,0.0,0.5877852522924731,0.9749279121818236,0
1656065302.0,1214,0,0.0698093542497466,0,16,0,0,0,0,0.0001420239809289,0,0,0,0,0.0,0.0,0.0,0.0,0.0,0.0,0.0,0.0,0.0,0.0,0.5877852522924731,0.4338837391175582,0
1655803464.0,49,0,0.0014425206540534,0,7,0,0,0,0,1.762743331095806e-07,0,0,0,0,0.0,0.0,0.0,0.0,0.0,0.0,0.0,0.0,0.0,0.0,0.5877852522924731,0.9009688679024191,0
1664268497.0,161,0,0.0008628919301492,0,2,0,0,0,0,0.0002110590247446,0,0,0,0,0.0,0.0,0.0,0.0,0.0,0.0,0.0,0.0,0.0,0.0,0.1564344650402309,0.9009688679024191,0
1657023054.0,921,0,0.000844822593237,0,6,0,0,0,0,2.195845555443168e-07,0,0,0,0,0.0,0.0,0.0,0.0,0.0,0.0,0.0,0.0,0.0,0.0,0.4539904997395468,0.9009688679024191,0
1649849240.0,97,0,0.0069419129105135,0,9,0,4,2,0,0.000350527994777,0,0,0,0,0.0,0.0,0.0,0.0,0.0,0.0,0.0,0.0,0.0,0.0,0.8090169943749475,0.7818314824680298,0
1658999210.0,1151,1,0.0117955098143925,1,14,0,6,0,0,0.0002992755925002,0,0,0,0,0.0,0.0,0.0,0.0,0.0,0.0,0.0,0.0,0.0,0.0,0.4539904997395468,0.6234898018587336,0
1652911041.0,696,0,0.0002400025411608,0,6,0,0,0,0,0.0,0,0,0,0,0.0,0.0,0.0,0.0,0.0,0.0,0.0,0.0,0.0,0.0,0.7071067811865476,0.7818314824680298,0
1661422216.0,774,0,1.7673875899e-05,0,4,0,0,0,0,0.0,0,0,0,0,0.0,0.0,0.0,0.0,0.0,0.0,0.0,0.0,0.0,0.0,0.3090169943749474,0.6234898018587336,0
1656334156.0,1223,0,0.003075759163279,0,16,0,0,4,0,0.0085177164343316,0,0,0,0,0.0,0.0,0.0,0.0,0.0,0.0,0.0,0.0,0.0,0.0,0.5877852522924731,0.9749279121818236,0
1660055688.0,303,0,0.0608579549790325,0,12,0,4,1,0,4.115824498165534e-06,0,0,0,4,0.0,0.0,0.0,0.0,0.0,0.0,0.0,0.0,0.0,0.0,0.3090169943749474,0.9009688679024191,0
1652199681.0,647,0,0.0207230805256981,0,24,0,4,8,0,0.0141460768176844,0,0,0,0,0.0,0.0,0.0,0.0,0.0,0.0,0.0,0.0,0.0,0.0,0.7071067811865476,0.9009688679024191,0
1661244474.0,597,0,0.0176241079987814,0,12,0,0,0,0,0.0163804470763487,0,0,0,0,0.0,0.0,0.0,0.0,0.0,0.0,0.0,0.0,0.0,0.0,0.3090169943749474,0.9009688679024191,0
1660135744.0,432,0,0.1577598398089547,0,108,0,4,81,0,5.121994427637447e-05,0,1,0,0,0.0,0.0,0.0,0.0,0.0,0.0,0.0,0.0,0.0,0.0,0.3090169943749474,0.7818314824680298,0
1664373326.0,632,0,0.0001589317584719,0,2,0,0,0,0,0.0005116294103042,0,0,0,0,0.0,0.0,0.0,0.0,0.0,0.0,0.0,0.0,0.0,0.0,0.1564344650402309,0.7818314824680298,0
1659528729.0,308,0,0.1340740771298048,0,8,0,1,0,0,0.0064478552842732,0,0,0,0,0.0,0.0,0.0,0.0,0.0,0.0,0.0,0.0,0.0,0.0,0.3090169943749474,0.7818314824680298,0
1661335326.0,1144,0,0.0412791394223754,0,16,0,0,9,0,5.593515461926787e-07,1,0,0,0,0.0,0.0,0.0,0.0,0.0,0.0,0.0,0.0,0.0,0.0,0.3090169943749474,0.7818314824680298,0
1657114346.0,518,1,0.0102141933797854,0,10,0,0,0,0,1.261919439821243e-05,0,0,0,0,0.0,0.0,0.0,1.0,1.0,0.0,0.0,1.0,1.0,1.0,0.4539904997395468,0.7818314824680298,0
1664401629.0,212,0,1.1826592434530829e-05,0,4,0,0,0,0,0.0,0,0,0,0,0.0,0.0,0.0,0.0,0.0,0.0,0.0,0.0,0.0,0.0,0.1564344650402309,0.7818314824680298,0
1650620163.0,1071,0,0.0001363340302505,0,2,0,0,0,0,0.0322673814493659,0,0,0,0,0.0,0.0,0.0,0.0,0.0,0.0,0.0,0.0,0.0,0.0,0.8090169943749475,0.4338837391175582,0
1655282290.0,691,1,0.0828037770410065,0,42,0,0,12,0,1.1353828930308686e-05,0,0,0,0,0.0,0.0,0.0,0.0,0.0,0.0,0.0,0.0,0.0,0.0,0.5877852522924731,0.7818314824680298,0
1659108080.0,469,0,0.0047131761500612,0,35,0,0,24,0,4.630946933821298e-06,0,0,0,0,0.0,0.0,0.0,0.0,0.0,0.0,0.0,0.0,0.0,0.0,0.4539904997395468,0.4338837391175582,0
1662459155.0,11,0,0.0500381502734281,0,15,0,0,4,0,0.0166235712775054,0,1,0,0,0.0,0.0,0.0,0.0,0.0,0.0,0.0,0.0,0.0,0.0,0.1564344650402309,0.9009688679024191,0
1664805679.0,458,0,0.0005926862794193,0,9,0,0,0,0,6.083625897692894e-07,0,0,0,0,0.0,0.0,0.0,0.0,0.0,0.0,0.0,0.0,0.0,0.0,6.123233995736766e-17,0.9749279121818236,0
1657639514.0,984,0,0.0,0,1,0,0,0,0,0.0,0,0,0,0,0.0,0.0,0.0,0.0,0.0,0.0,0.0,0.0,0.0,0.0,0.4539904997395468,0.9009688679024191,0
1655311473.0,870,1,0.2006589406261411,1,59,0,1,1,0,0.0061625837899421,0,0,0,0,0.0,0.0,0.0,0.0,0.0,0.0,0.0,0.0,0.0,0.0,0.5877852522924731,0.7818314824680298,0
1656153190.0,780,0,0.0093283079526496,0,16,0,4,0,0,9.448189901702052e-07,0,0,0,0,0.0,0.0,0.0,0.0,0.0,0.0,0.0,0.0,0.0,0.0,0.5877852522924731,0.2225209339563144,0
1656457834.0,1354,1,0.0001958183130409,0,6,0,0,0,0,0.0,0,0,0,0,0.0,0.0,0.0,0.0,0.0,0.0,0.0,0.0,0.0,0.0,0.5877852522924731,0.7818314824680298,0
1650968130.0,510,0,0.0330275674370071,0,15,0,0,9,0,0.0016809827948248,0,1,0,0,0.0,0.0,0.0,0.0,0.0,0.0,0.0,0.0,0.0,0.0,0.8090169943749475,0.9009688679024191,0
1658848007.0,1096,0,0.0147736675289478,0,21,0,0,22,0,9.64413614587452e-06,4,0,0,1,0.0,0.0,0.0,0.0,0.0,0.0,0.0,0.0,0.0,0.0,0.4539904997395468,0.9009688679024191,0
1659616785.0,504,1,0.0298698145435071,1,32,0,11,7,0,3.160724912874364e-05,0,0,0,1,0.0,0.0,0.0,0.0,0.0,0.0,0.0,0.0,0.0,0.0,0.3090169943749474,0.6234898018587336,0
1661429210.0,773,0,0.0,0,1,0,0,1,0,0.0,0,0,0,0,0.0,0.0,0.0,0.0,0.0,0.0,0.0,0.0,0.0,0.0,0.3090169943749474,0.6234898018587336,0
1656850346.0,808,0,0.0001769573506695,0,3,0,0,0,0,0.0085852699283684,0,0,0,0,0.0,0.0,0.0,0.0,0.0,0.0,0.0,0.0,0.0,0.0,0.4539904997395468,6.123233995736766e-17,0
1663850051.0,117,1,0.1357300494374948,1,37,0,13,3,0,0.0002396197808755,0,1,0,0,0.0,0.0,0.0,1.0,1.0,0.0,0.0,0.0,1.0,1.0,0.1564344650402309,0.6234898018587336,0
1663934679.0,184,0,0.0639121278622358,0,23,0,1,0,0,0.0001246761871614,0,0,0,0,0.0,0.0,0.0,0.0,0.0,0.0,0.0,0.0,0.0,0.0,0.1564344650402309,0.4338837391175582,0
1656327943.0,680,0,0.0010393217943,0,9,0,0,0,0,1.278150085976221e-07,0,0,0,0,0.0,0.0,0.0,0.0,0.0,0.0,0.0,0.0,0.0,0.0,0.5877852522924731,0.9749279121818236,0
1660142911.0,717,1,0.0048679314093807,0,38,0,4,7,0,0.1037461724489889,0,0,0,0,0.0,0.0,0.0,0.0,0.0,0.0,0.0,0.0,0.0,0.0,0.3090169943749474,0.7818314824680298,0
1658999316.0,1166,1,0.0453949676451954,1,10,0,1,0,0,0.0,0,0,0,0,0.0,0.0,0.0,0.0,0.0,0.0,0.0,0.0,0.0,0.0,0.4539904997395468,0.6234898018587336,0
1657101102.0,669,0,0.035028965421453,0,13,0,0,0,0,0.1600748498864378,0,0,0,0,0.0,0.0,0.0,0.0,0.0,0.0,0.0,0.0,0.0,0.0,0.4539904997395468,0.7818314824680298,0
1657104554.0,700,1,0.0132918865430614,1,19,0,2,0,0,0.0,0,0,0,0,0.0,0.0,0.0,0.0,0.0,0.0,0.0,0.0,0.0,0.0,0.4539904997395468,0.7818314824680298,0
1663166986.0,790,0,0.1072256816254052,0,12,0,0,8,0,1.7526321597042784e-07,1,2,0,0,0.0,0.0,0.0,0.0,0.0,0.0,0.0,0.0,0.0,0.0,0.1564344650402309,0.7818314824680298,0
1658508270.0,859,0,0.0045314687828497,0,3,0,0,0,0,0.0,0,0,0,0,0.0,0.0,0.0,0.0,0.0,0.0,0.0,0.0,0.0,0.0,0.4539904997395468,0.4338837391175582,0
1657718077.0,243,0,0.0009985665363044,0,8,0,1,0,0,1.251484584049802e-07,0,0,0,0,0.0,0.0,0.0,0.0,0.0,0.0,0.0,0.0,0.0,0.0,0.4539904997395468,0.7818314824680298,0
1656943541.0,445,0,0.0745019972902238,0,15,0,0,0,0,4.239044238673667e-07,0,0,0,0,0.0,0.0,0.0,0.0,0.0,0.0,0.0,0.0,0.0,0.0,0.4539904997395468,0.9749279121818236,0
1655807481.0,811,0,0.0954463962640451,0,24,0,1,10,0,0.0004873090639166,0,1,0,1,0.0,0.0,0.0,0.0,0.0,0.0,0.0,0.0,0.0,0.0,0.5877852522924731,0.9009688679024191,0
1652471164.0,365,0,0.0002179322115291,0,3,0,0,0,0,0.3647745767855008,0,0,0,0,0.0,0.0,0.0,0.0,0.0,0.0,0.0,0.0,0.0,0.0,0.7071067811865476,0.4338837391175582,0
1652967419.0,689,0,0.0043170537782713,0,9,0,0,0,0,0.0552345265790659,0,0,0,0,0.0,0.0,0.0,0.0,0.0,0.0,0.0,0.0,0.0,0.0,0.7071067811865476,0.6234898018587336,0
1658828604.0,898,1,0.3037128718406792,0,112,0,38,1,0,0.0010077750044597,0,0,0,0,0.0,0.0,0.0,0.0,0.0,0.0,0.0,0.0,0.0,0.0,0.4539904997395468,0.9009688679024191,0
1657252575.0,62,1,0.001957961197425,0,8,0,0,0,0,3.816057783376705e-07,0,0,0,0,0.0,0.0,0.0,0.0,0.0,0.0,0.0,0.0,0.0,0.0,0.4539904997395468,0.4338837391175582,0
1661338251.0,904,0,0.0005310042533725,0,9,0,0,0,0,0.0,0,0,0,0,0.0,0.0,0.0,0.0,0.0,0.0,0.0,0.0,0.0,0.0,0.3090169943749474,0.7818314824680298,0
1651126668.0,1026,0,0.0224487338552853,0,18,0,7,6,0,0.0417621906924993,0,0,0,0,0.0,0.0,0.0,0.0,0.0,0.0,0.0,0.0,0.0,0.0,0.8090169943749475,0.6234898018587336,0
1653403166.0,382,0,0.0882574478492991,0,22,0,9,10,0,9.980367867881674e-05,0,2,0,1,0.0,0.0,0.0,0.0,0.0,0.0,0.0,0.0,0.0,0.0,0.7071067811865476,0.9009688679024191,0
1664459679.0,463,0,0.1480836426267001,0,84,0,4,11,0,4.352741703524565e-05,0,0,0,0,0.0,0.0,0.0,1.0,1.0,0.0,0.0,0.0,1.0,1.0,0.1564344650402309,0.6234898018587336,0
1655731598.0,972,0,0.0513987207221526,0,21,0,4,3,0,9.5789556417872e-05,0,0,0,0,0.0,0.0,0.0,1.0,1.0,1.0,0.0,0.0,0.0,1.0,0.5877852522924731,0.9749279121818236,0
1663847260.0,264,0,0.0,0,0,1,0,0,0,0.0,0,0,0,0,0.0,0.0,0.0,0.0,0.0,0.0,0.0,0.0,0.0,0.0,6.123233995736766e-17,0.6234898018587336,0
1664266402.0,189,0,0.2373724077349172,0,81,0,4,21,0,0.0003273900024827,3,2,0,0,0.0,0.0,0.0,0.0,0.0,0.0,0.0,0.0,0.0,0.0,0.1564344650402309,0.9009688679024191,0
1656418229.0,575,1,0.0815479739528382,1,13,0,1,0,1,2.2896350378387326e-07,0,0,0,0,0.0,0.0,0.0,0.0,0.0,0.0,0.0,0.0,0.0,0.0,0.5877852522924731,0.9009688679024191,0
1652964489.0,661,0,0.0002436955622962,0,6,0,0,1,0,9.526367573631507e-08,0,0,0,0,0.0,0.0,0.0,0.0,0.0,0.0,0.0,0.0,0.0,0.0,0.7071067811865476,0.6234898018587336,0
1662036820.0,465,0,0.0,0,0,1,0,0,0,0.0,0,0,0,0,0.0,0.0,0.0,0.0,0.0,0.0,0.0,0.0,0.0,0.0,0.1564344650402309,0.4338837391175582,0
1648731188.0,1080,0,0.2318814131447319,0,63,0,3,40,0,0.0392670412226094,0,0,0,0,0.0,0.0,0.0,0.0,0.0,0.0,0.0,0.0,0.0,0.0,0.8910065241883679,0.6234898018587336,0
1661375016.0,872,0,0.0,0,0,1,0,0,0,0.0,0,0,0,0,0.0,0.0,0.0,0.0,0.0,0.0,0.0,0.0,0.0,0.0,0.1564344650402309,0.9749279121818236,0
1659440632.0,29,1,0.0037221697116309,1,9,0,1,0,0,8.016478009397614e-07,0,0,0,0,0.0,0.0,0.0,0.0,0.0,0.0,0.0,0.0,0.0,0.0,0.3090169943749474,0.9009688679024191,0
1660031235.0,166,0,0.0238814931070807,0,2,0,0,0,0,0.0020879546845546,0,0,0,0,0.0,0.0,0.0,0.0,0.0,0.0,0.0,0.0,0.0,0.0,0.3090169943749474,0.9009688679024191,0
1651671328.0,395,0,0.0157189931864076,0,16,0,12,4,0,2.509264080330296e-05,0,1,0,1,0.0,0.0,0.0,0.0,0.0,0.0,0.0,0.0,0.0,0.0,0.7071067811865476,0.7818314824680298,0
1655454704.0,848,1,0.0006749436210061,0,5,0,0,0,0,4.696050611028864e-07,0,0,0,0,0.0,0.0,0.0,1.0,1.0,0.0,0.0,0.0,1.0,1.0,0.5877852522924731,0.4338837391175582,0
1659109971.0,1009,0,0.0203254654259724,0,17,0,0,19,0,1.311254149387132e-07,0,0,0,0,0.0,0.0,0.0,0.0,0.0,0.0,0.0,0.0,0.0,0.0,0.4539904997395468,0.4338837391175582,0
1660570894.0,595,0,0.0001127250297414,0,1,0,0,0,0,0.0,0,0,0,0,0.0,0.0,0.0,0.0,0.0,0.0,0.0,0.0,0.0,0.0,0.3090169943749474,0.9749279121818236,0
1651751253.0,1185,0,0.0001373891351818,0,2,0,0,0,0,0.1692922363932285,0,0,0,0,0.0,0.0,0.0,0.0,0.0,0.0,0.0,0.0,0.0,0.0,0.7071067811865476,0.6234898018587336,0
1659695671.0,1248,1,0.0066677497479916,0,8,0,0,0,0,0.0,0,0,0,0,0.0,0.0,0.0,0.0,0.0,0.0,0.0,0.0,0.0,0.0,0.3090169943749474,0.4338837391175582,0
1661443088.0,877,1,0.007598654773421,0,15,0,3,1,0,1.3392518781436492e-05,0,0,0,0,0.0,0.0,0.0,0.0,0.0,0.0,0.0,0.0,0.0,0.0,0.3090169943749474,0.6234898018587336,0
1653922528.0,683,0,0.0001720774189199,0,3,0,0,2,0,0.006113166775294,0,0,0,0,0.0,0.0,0.0,0.0,0.0,0.0,0.0,0.0,0.0,0.0,0.7071067811865476,0.9749279121818236,0
1657272252.0,967,0,0.0001579208379006,0,3,0,1,0,0,2.4248080477420896e-07,0,0,0,0,0.0,0.0,0.0,0.0,0.0,0.0,0.0,0.0,0.0,0.0,0.4539904997395468,0.4338837391175582,0
1657178494.0,958,0,8.784110161448073e-05,0,4,0,0,0,0,0.0,0,0,0,0,0.0,0.0,0.0,0.0,0.0,0.0,0.0,0.0,0.0,0.0,0.4539904997395468,0.6234898018587336,0
1654620777.0,387,0,0.004792090955804,0,15,0,11,0,0,0.0149022077957903,0,0,0,0,0.0,0.0,0.0,0.0,0.0,0.0,0.0,0.0,0.0,0.0,0.5877852522924731,0.9009688679024191,0
1659629287.0,477,0,0.1028875251769688,0,21,0,0,0,0,0.0007134960587029,0,0,0,0,0.0,0.0,0.0,0.0,0.0,0.0,0.0,0.0,0.0,0.0,0.3090169943749474,0.6234898018587336,0
1655478419.0,1171,0,0.0,0,0,1,0,0,0,0.0,0,0,0,0,0.0,0.0,0.0,0.0,0.0,0.0,0.0,0.0,0.0,0.0,0.5877852522924731,0.4338837391175582,0
1662712815.0,145,0,0.0004686179594022,0,4,0,0,0,0,0.000597923513347,0,0,0,0,0.0,0.0,0.0,0.0,0.0,0.0,0.0,0.0,0.0,0.0,0.1564344650402309,0.4338837391175582,0
1658754067.0,293,1,0.0163872101452736,0,31,0,0,2,0,1.0204504694209707e-05,0,0,2,2,0.0,0.0,0.0,0.0,0.0,0.0,0.0,0.0,0.0,0.0,0.4539904997395468,0.9749279121818236,0
1649241890.0,1377,0,0.0,0,0,1,0,0,0,0.0,0,0,0,0,0.0,0.0,0.0,0.0,0.0,0.0,0.0,0.0,0.0,0.0,0.8090169943749475,0.7818314824680298,0
1664438313.0,623,0,0.0018876173661631,0,6,0,0,0,0,3.4806115805831668e-06,0,0,0,0,0.0,0.0,0.0,0.0,0.0,0.0,0.0,0.0,0.0,0.0,0.1564344650402309,0.6234898018587336,0
1653514045.0,1381,0,3.209499153933672e-06,0,3,0,0,0,0,0.0,0,0,0,0,0.0,0.0,0.0,0.0,0.0,0.0,0.0,0.0,0.0,0.0,0.7071067811865476,0.7818314824680298,0
1662737730.0,226,0,0.0001787158442335,0,5,0,0,0,0,0.0,0,0,0,0,0.0,0.0,0.0,0.0,0.0,0.0,0.0,0.0,0.0,0.0,0.1564344650402309,0.4338837391175582,0
1662397452.0,103,0,0.002628157395797,0,49,0,3,11,0,0.0056721319321201,0,0,0,0,0.0,0.0,0.0,0.0,0.0,0.0,0.0,0.0,0.0,0.0,0.1564344650402309,0.9749279121818236,0
1654763177.0,1180,0,0.0001358503324108,0,2,0,0,0,0,0.2077534919219133,0,0,0,0,0.0,0.0,0.0,0.0,0.0,0.0,0.0,0.0,0.0,0.0,0.5877852522924731,0.6234898018587336,0
1663858661.0,561,0,0.0051968284424703,0,20,0,0,4,0,0.0005068658672563,0,0,0,0,0.0,0.0,0.0,1.0,0.0,0.0,0.0,0.0,1.0,1.0,0.1564344650402309,0.6234898018587336,0
1661360455.0,1133,0,0.0585544771422239,0,24,0,4,10,0,0.0001115405856497,1,2,0,0,0.0,0.0,0.0,0.0,0.0,0.0,0.0,0.0,0.0,0.0,0.3090169943749474,0.7818314824680298,0
1660145131.0,433,0,0.1106062028735048,0,13,0,0,0,0,1.5328622265542385e-07,0,0,0,0,0.0,0.0,0.0,0.0,0.0,0.0,0.0,0.0,0.0,0.0,0.3090169943749474,0.7818314824680298,0
1654465278.0,944,0,0.0002819006573042,0,5,0,0,0,0,0.0,0,0,0,0,0.0,0.0,0.0,0.0,0.0,0.0,0.0,0.0,0.0,0.0,0.5877852522924731,0.9749279121818236,0
1650808971.0,727,1,0.0121765941161897,1,25,0,4,2,11,3.0313280797417954e-06,0,1,0,0,0.0,0.0,0.0,0.0,0.0,0.0,0.0,0.0,0.0,0.0,0.8090169943749475,6.123233995736766e-17,0
1652023698.0,747,0,2.8225364857440608e-05,0,4,0,0,0,0,0.0,0,0,0,0,0.0,0.0,0.0,0.0,0.0,0.0,0.0,0.0,0.0,0.0,0.7071067811865476,6.123233995736766e-17,0
1662630954.0,84,0,0.0027756137945231,0,17,0,4,0,0,0.0005739840543075,0,0,0,0,0.0,0.0,0.0,0.0,0.0,0.0,0.0,0.0,0.0,0.0,0.1564344650402309,0.6234898018587336,0
1655310877.0,1375,0,0.0006181856231398,0,4,0,0,0,0,0.0,0,0,0,0,0.0,0.0,0.0,0.0,0.0,0.0,0.0,0.0,0.0,0.0,0.5877852522924731,0.7818314824680298,0
1661416126.0,697,0,0.0001877725389229,0,5,0,0,0,0,0.0009150075861371,0,0,0,0,0.0,0.0,0.0,1.0,0.0,0.0,0.0,0.0,0.0,0.0,0.3090169943749474,0.6234898018587336,0
1662719332.0,144,0,0.0,0,1,0,0,0,0,0.0,0,0,0,0,0.0,0.0,0.0,0.0,0.0,0.0,0.0,0.0,0.0,0.0,0.1564344650402309,0.4338837391175582,0
1658831459.0,1095,1,0.5097782195070115,1,131,0,15,14,0,0.0003354682747744,3,1,0,11,0.0,0.0,0.0,0.0,0.0,0.0,0.0,0.0,0.0,0.0,0.4539904997395468,0.9009688679024191,0
1663066036.0,1006,0,0.0045862048956088,1,17,0,5,2,0,2.075107447287841e-06,0,0,0,0,0.0,0.0,0.0,0.0,0.0,0.0,0.0,0.0,0.0,0.0,0.1564344650402309,0.9009688679024191,0
1658761665.0,1271,1,0.0115438564510174,0,0,0,0,0,0,0.0,0,0,0,0,0.0,0.0,0.0,0.0,0.0,0.0,0.0,0.0,0.0,0.0,0.4539904997395468,0.9749279121818236,0
1661855265.0,329,1,0.034679490830632,0,42,0,0,0,0,0.0002259964525383,0,0,0,7,0.0,0.0,0.0,0.0,0.0,0.0,0.0,0.0,0.0,0.0,0.3090169943749474,0.9009688679024191,0
1657168493.0,1335,1,0.0002235599360941,0,6,0,0,0,0,0.0,0,0,0,0,0.0,0.0,0.0,0.0,0.0,0.0,0.0,0.0,0.0,0.0,0.4539904997395468,0.6234898018587336,0
1659860465.0,1286,1,0.0001923451145921,0,6,0,0,0,0,0.0,0,0,0,0,0.0,0.0,0.0,0.0,0.0,0.0,0.0,0.0,0.0,0.0,0.3090169943749474,6.123233995736766e-17,0
1661940246.0,546,0,0.0038058781027722,0,5,0,0,2,0,4.064790300778843e-06,0,0,0,0,0.0,0.0,0.0,1.0,1.0,0.0,0.0,1.0,1.0,1.0,0.3090169943749474,0.7818314824680298,0
1655470531.0,866,0,0.0033824555998129,0,12,0,0,6,0,1.760351996763248e-06,0,0,0,0,0.0,0.0,0.0,0.0,0.0,0.0,0.0,0.0,0.0,0.0,0.5877852522924731,0.4338837391175582,0
1659637547.0,478,0,2.4180627423371703e-05,0,4,0,0,0,0,0.0,0,0,0,0,0.0,0.0,0.0,0.0,0.0,0.0,0.0,0.0,0.0,0.0,0.3090169943749474,0.6234898018587336,0
1658740733.0,863,0,0.3325694355605212,0,29,0,4,7,0,1.7922226738144934e-05,0,0,0,2,0.0,0.0,0.0,0.0,0.0,0.0,0.0,0.0,0.0,0.0,0.4539904997395468,0.9749279121818236,0
1656943544.0,484,0,0.0778194735236903,0,14,0,0,0,0,8.025676085737142e-07,0,0,0,0,0.0,0.0,0.0,0.0,0.0,0.0,0.0,0.0,0.0,0.0,0.4539904997395468,0.9749279121818236,0
1662718622.0,492,1,0.067177505459502,1,52,0,5,6,0,3.9143641713639415e-05,0,0,0,0,0.0,0.0,0.0,0.0,0.0,0.0,0.0,0.0,0.0,0.0,0.1564344650402309,0.4338837391175582,0
1655284923.0,521,0,0.0204614918363552,0,55,0,2,5,1,3.50093571553365e-06,0,0,0,0,0.0,0.0,0.0,0.0,0.0,0.0,0.0,0.0,0.0,0.0,0.5877852522924731,0.7818314824680298,0
1649936422.0,391,0,0.0882132616867396,0,34,0,12,25,0,2.007678035144504e-05,0,5,0,1,0.0,0.0,0.0,0.0,0.0,0.0,0.0,0.0,0.0,0.0,0.8090169943749475,0.6234898018587336,0
1663686241.0,286,1,0.0048603677943435,1,15,0,1,2,0,1.363941297091521e-06,0,0,0,0,0.0,0.0,0.0,1.0,0.0,1.0,0.0,0.0,1.0,1.0,0.1564344650402309,0.9009688679024191,0
1664551618.0,457,0,0.0040593776249987,0,12,0,0,0,0,1.7471122104624325e-07,0,0,0,0,0.0,0.0,0.0,0.0,0.0,0.0,0.0,0.0,0.0,0.0,0.1564344650402309,0.4338837391175582,0
1655721718.0,278,1,0.0586698400002404,0,33,0,0,9,1,7.95063052293772e-05,0,0,0,0,0.0,0.0,0.0,1.0,1.0,1.0,0.0,0.0,1.0,1.0,0.5877852522924731,0.9749279121818236,0
1663836315.0,198,0,0.1268255559316547,0,2,0,0,0,0,0.0,0,0,0,0,0.0,0.0,0.0,0.0,0.0,0.0,0.0,0.0,0.0,0.0,0.1564344650402309,0.6234898018587336,0
1657106218.0,489,0,0.0017930937867686,0,6,0,0,0,0,0.0071406624300466,0,0,0,0,0.0,0.0,0.0,0.0,0.0,0.0,0.0,0.0,0.0,0.0,0.4539904997395468,0.7818314824680298,0
1651330708.0,916,0,0.0009051859029867,0,9,0,1,1,0,1.191804765013655e-06,0,0,0,0,0.0,0.0,0.0,0.0,0.0,0.0,0.0,0.0,0.0,0.0,0.8090169943749475,0.2225209339563144,0
1652887356.0,666,0,0.0001375650812602,0,2,0,0,0,0,0.0004290706292355,0,0,0,0,0.0,0.0,0.0,0.0,0.0,0.0,0.0,0.0,0.0,0.0,0.7071067811865476,0.7818314824680298,0
1662391024.0,1001,1,0.0728029440005136,1,99,0,13,45,0,1.7787788985848406e-05,6,1,0,0,0.0,0.0,0.0,0.0,0.0,0.0,0.0,0.0,0.0,0.0,0.1564344650402309,0.9749279121818236,0
1661931910.0,544,0,0.0525279501711441,0,4,0,1,0,0,0.0004517522594734,0,0,0,0,0.0,0.0,0.0,1.0,1.0,0.0,0.0,1.0,1.0,1.0,0.3090169943749474,0.7818314824680298,0
1651526270.0,216,0,5.970384168984311e-05,0,4,0,0,0,0,0.0,0,0,0,0,0.0,0.0,0.0,0.0,0.0,0.0,0.0,0.0,0.0,0.0,0.7071067811865476,0.7818314824680298,0
1656602951.0,994,0,0.0001626687441447,0,2,0,0,0,0,0.0004010985646109,0,0,0,0,0.0,0.0,0.0,1.0,1.0,1.0,0.0,0.0,1.0,1.0,0.5877852522924731,0.6234898018587336,0
1648728615.0,1079,0,0.020269893899075,0,65,0,0,34,0,0.0002109436238747,0,0,0,0,0.0,0.0,0.0,0.0,0.0,0.0,0.0,0.0,0.0,0.0,0.8910065241883679,0.6234898018587336,0
1661876003.0,33,0,0.0016601455534667,0,10,0,1,1,0,5.8390451582054416e-08,0,0,0,0,0.0,0.0,0.0,0.0,0.0,0.0,0.0,0.0,0.0,0.0,0.3090169943749474,0.9009688679024191,0
1660832854.0,342,0,0.0003796778322836,0,4,0,0,4,0,0.000291508491692,0,0,0,0,0.0,0.0,0.0,0.0,0.0,0.0,0.0,0.0,0.0,0.0,0.3090169943749474,0.6234898018587336,0
1659627144.0,125,0,0.0040073673575184,0,6,0,0,0,0,0.0002660599902529,0,0,0,2,0.0,0.0,0.0,0.0,0.0,0.0,0.0,0.0,0.0,0.0,0.3090169943749474,0.6234898018587336,0
1660039607.0,426,0,0.0423794418324937,0,37,0,1,40,0,3.3195152228485254e-07,0,0,0,0,0.0,0.0,0.0,0.0,0.0,0.0,0.0,0.0,0.0,0.0,0.3090169943749474,0.9009688679024191,0
1656326327.0,1222,0,0.1032184459416761,0,38,0,4,2,0,0.0005812589285615,0,0,0,0,0.0,0.0,0.0,0.0,0.0,0.0,0.0,0.0,0.0,0.0,0.5877852522924731,0.9749279121818236,0
1651743063.0,541,0,0.0116386890571448,0,17,0,7,3,0,1.850658927274232e-05,0,0,0,0,0.0,0.0,0.0,0.0,0.0,0.0,0.0,0.0,0.0,0.0,0.7071067811865476,0.6234898018587336,0
1659608141.0,285,1,0.0,0,0,1,0,0,0,0.0,0,0,0,0,0.0,0.0,0.0,0.0,0.0,0.0,0.0,0.0,0.0,0.0,0.3090169943749474,0.9749279121818236,0
1664442456.0,168,0,0.1181257653563458,0,54,0,8,6,0,0.0001617777319748,0,0,0,0,0.0,0.0,0.0,0.0,0.0,0.0,0.0,0.0,0.0,0.0,0.1564344650402309,0.6234898018587336,0
1658319201.0,353,1,0.0077754362219767,0,8,0,0,0,0,3.955827532620389e-07,0,0,0,0,0.0,0.0,0.0,0.0,0.0,0.0,0.0,0.0,0.0,0.0,0.4539904997395468,0.7818314824680298,0
1664960433.0,351,1,0.0,0,0,1,0,0,0,0.0,0,0,0,0,0.0,0.0,0.0,0.0,0.0,0.0,0.0,0.0,0.0,0.0,6.123233995736766e-17,0.7818314824680298,0
1660745597.0,939,0,0.0004895894393879,0,5,0,0,0,0,5.397669906483618e-08,0,0,0,0,0.0,0.0,0.0,0.0,0.0,0.0,0.0,0.0,0.0,0.0,0.3090169943749474,0.7818314824680298,0
1657201011.0,1050,0,0.0220803985219157,0,20,0,1,3,0,3.847560261514837e-05,0,0,0,0,0.0,0.0,0.0,0.0,0.0,0.0,0.0,0.0,0.0,0.0,0.4539904997395468,0.6234898018587336,0
1661687859.0,1146,0,1.5431772424406025e-05,0,5,0,0,0,0,0.0,0,0,0,0,0.0,0.0,0.0,0.0,0.0,0.0,0.0,0.0,0.0,0.0,0.3090169943749474,6.123233995736766e-17,0
1660300631.0,1148,1,0.1074815113120746,1,33,0,5,5,0,0.1154830760176917,0,1,0,1,0.0,0.0,0.0,0.0,0.0,0.0,0.0,0.0,0.0,0.0,0.3090169943749474,0.4338837391175582,0
1658134670.0,1042,0,0.0027164382307138,0,25,0,0,3,0,0.0513936423573116,0,0,0,0,0.0,0.0,0.0,1.0,1.0,1.0,0.0,0.0,1.0,1.0,0.4539904997395468,0.9749279121818236,0
1659359701.0,76,0,0.1427863976422164,0,15,0,0,0,0,0.0002725072876571,0,0,0,0,0.0,0.0,0.0,0.0,0.0,0.0,0.0,0.0,0.0,0.0,0.3090169943749474,0.9749279121818236,0
1660209033.0,733,0,0.0,0,0,1,0,0,0,0.0,0,0,0,0,0.0,0.0,0.0,0.0,0.0,0.0,0.0,0.0,0.0,0.0,0.3090169943749474,0.6234898018587336,0
1659974162.0,423,0,0.0406441158210847,0,8,0,0,1,0,8.436152311243114e-05,0,0,0,0,0.0,0.0,0.0,0.0,0.0,0.0,0.0,0.0,0.0,0.0,0.3090169943749474,0.9749279121818236,0
1663248028.0,787,0,0.0010989378388088,0,5,0,0,0,0,0.000444624968414,0,0,0,0,0.0,0.0,0.0,0.0,0.0,0.0,0.0,0.0,0.0,0.0,0.1564344650402309,0.6234898018587336,0
1664364244.0,1159,0,0.0015660607841192,0,6,0,1,4,0,2.548943917757078e-07,0,0,0,0,0.0,0.0,0.0,1.0,1.0,0.0,0.0,1.0,1.0,1.0,0.1564344650402309,0.7818314824680298,0
1649237949.0,1359,1,0.0005834972954372,0,4,0,0,0,0,0.0,0,0,0,0,0.0,0.0,0.0,0.0,0.0,0.0,0.0,0.0,0.0,0.0,0.8090169943749475,0.7818314824680298,0
1659097730.0,292,0,0.0001737038430137,0,2,0,0,0,0,0.0225264135502202,0,0,0,0,0.0,0.0,0.0,0.0,0.0,0.0,0.0,0.0,0.0,0.0,0.4539904997395468,0.4338837391175582,0
1657018900.0,335,0,0.001935494747312,0,7,0,0,1,0,1.9075686660352546e-06,0,0,0,0,0.0,0.0,0.0,0.0,0.0,0.0,0.0,0.0,0.0,0.0,0.4539904997395468,0.9009688679024191,0
1665047409.0,579,0,0.0005077026089439,0,6,0,1,0,0,5.998108523140017e-07,0,0,0,0,0.0,0.0,0.0,0.0,0.0,0.0,0.0,0.0,0.0,0.0,6.123233995736766e-17,0.6234898018587336,0
1664881831.0,1292,1,0.0005954116410882,0,4,0,0,0,0,0.0,0,0,0,0,0.0,0.0,0.0,0.0,0.0,0.0,0.0,0.0,0.0,0.0,6.123233995736766e-17,0.9009688679024191,0
1659611426.0,819,0,0.0,0,1,0,0,0,0,0.0002804797199106,0,0,0,0,0.0,0.0,0.0,0.0,0.0,0.0,0.0,0.0,0.0,0.0,0.3090169943749474,0.6234898018587336,0
1651671034.0,1365,1,0.0004223676178506,0,6,0,0,0,0,0.0,0,0,0,0,0.0,0.0,0.0,0.0,0.0,0.0,0.0,0.0,0.0,0.0,0.7071067811865476,0.7818314824680298,0
1662718596.0,1098,1,0.0318444819134001,1,47,0,9,12,0,2.5729050675396087e-05,0,0,0,0,0.0,0.0,0.0,0.0,0.0,0.0,0.0,0.0,0.0,0.0,0.1564344650402309,0.4338837391175582,0
1662474843.0,1194,0,0.0001973128435228,0,3,0,0,0,0,0.008280013517117,0,0,0,0,0.0,0.0,0.0,0.0,0.0,0.0,0.0,0.0,0.0,0.0,0.1564344650402309,0.9009688679024191,0
1652353775.0,660,0,0.0001366857905136,0,2,0,0,0,0,0.0002987075061378,0,0,0,0,0.0,0.0,0.0,0.0,0.0,0.0,0.0,0.0,0.0,0.0,0.7071067811865476,0.6234898018587336,0
1664890501.0,672,0,0.0431757257300113,0,6,0,0,0,0,8.903329642945811e-05,0,0,0,0,0.0,0.0,0.0,1.0,0.0,1.0,0.0,0.0,1.0,1.0,6.123233995736766e-17,0.9009688679024191,0
1655309632.0,59,1,0.0,0,0,1,0,0,0,0.0,0,0,0,0,0.0,0.0,0.0,0.0,0.0,0.0,0.0,0.0,0.0,0.0,0.5877852522924731,0.7818314824680298,0
1658169681.0,1261,1,0.0,0,0,0,0,0,0,0.0,0,0,0,0,0.0,0.0,0.0,0.0,0.0,0.0,0.0,0.0,0.0,0.0,0.4539904997395468,0.9749279121818236,0
1662718586.0,584,1,0.0342425273381052,1,29,0,2,1,0,3.183685612086325e-05,0,0,0,0,0.0,0.0,0.0,1.0,0.0,0.0,0.0,1.0,0.0,1.0,0.1564344650402309,0.4338837391175582,0
1657643364.0,1228,0,1.6310975241868088e-05,0,4,0,0,0,0,0.0,0,0,0,0,0.0,0.0,0.0,0.0,0.0,0.0,0.0,0.0,0.0,0.0,0.4539904997395468,0.9009688679024191,0
1656528529.0,350,1,2.4181374820506263e-06,0,2,0,0,2,0,2.758687276438837e-09,0,0,0,0,0.0,0.0,0.0,0.0,0.0,0.0,0.0,0.0,0.0,0.0,0.5877852522924731,0.7818314824680298,0
1656960330.0,1264,1,0.0001949829868317,0,6,0,0,0,0,0.0,0,0,0,0,0.0,0.0,0.0,0.0,0.0,0.0,0.0,0.0,0.0,0.0,0.4539904997395468,0.9749279121818236,0
1661436084.0,35,0,0.0218517822243836,0,26,0,0,2,0,3.130049397246922e-05,0,0,0,0,0.0,0.0,0.0,0.0,0.0,0.0,0.0,0.0,0.0,0.0,0.3090169943749474,0.6234898018587336,0
1654766424.0,1188,0,0.0001819692199957,0,5,0,0,0,0,0.0005104870759809,0,0,0,0,0.0,0.0,0.0,0.0,0.0,0.0,0.0,0.0,0.0,0.0,0.5877852522924731,0.6234898018587336,0
1657634724.0,983,0,0.0002021931709533,0,4,0,0,0,0,0.0,0,0,0,0,0.0,0.0,0.0,0.0,0.0,0.0,0.0,0.0,0.0,0.0,0.4539904997395468,0.9009688679024191,0
1658952745.0,467,0,0.0008169490765718,1,5,0,1,0,0,0.0,0,0,0,0,0.0,0.0,0.0,0.0,0.0,0.0,0.0,0.0,0.0,0.0,0.4539904997395468,0.7818314824680298,0
1655731724.0,279,0,0.0025207073631376,0,12,0,0,0,0,0.0,0,0,0,0,0.0,0.0,0.0,1.0,1.0,1.0,0.0,0.0,1.0,1.0,0.5877852522924731,0.9749279121818236,0
1659947281.0,295,0,6.572702726815695e-05,0,2,0,0,1,0,1.3747009222903698e-07,0,0,0,0,0.0,0.0,0.0,0.0,0.0,0.0,0.0,0.0,0.0,0.0,0.3090169943749474,0.9749279121818236,0
1657948137.0,986,0,0.0012467466133016,0,14,0,0,0,0,0.012043567415472,0,0,0,0,0.0,0.0,0.0,0.0,0.0,0.0,0.0,0.0,0.0,0.0,0.4539904997395468,0.2225209339563144,0
1654521899.0,1279,0,0.0010389700780013,0,10,0,0,0,0,0.0,0,0,0,0,0.0,0.0,0.0,0.0,0.0,0.0,0.0,0.0,0.0,0.0,0.5877852522924731,0.9749279121818236,0
1658489297.0,288,1,0.0175687575255777,1,70,0,17,21,0,0.0226581824534946,0,0,0,0,0.0,0.0,0.0,0.0,0.0,0.0,0.0,0.0,0.0,0.0,0.4539904997395468,0.4338837391175582,0
1663832473.0,624,0,0.0001833321206529,0,2,0,0,0,0,0.0,0,0,0,0,0.0,0.0,0.0,0.0,0.0,0.0,0.0,0.0,0.0,0.0,0.1564344650402309,0.6234898018587336,0
1664379019.0,1161,0,0.0,0,1,0,0,0,0,0.0,0,0,0,0,0.0,0.0,0.0,1.0,1.0,0.0,0.0,1.0,1.0,1.0,0.1564344650402309,0.7818314824680298,0
1657807537.0,438,0,0.0001705823608635,0,2,0,0,0,0,0.0,0,0,0,0,0.0,0.0,0.0,0.0,0.0,0.0,0.0,0.0,0.0,0.0,0.4539904997395468,0.6234898018587336,0
1657625514.0,1044,0,0.000399022360601,0,4,0,0,0,0,1.8151566422377726e-07,0,0,0,0,0.0,0.0,0.0,0.0,0.0,0.0,0.0,0.0,0.0,0.0,0.4539904997395468,0.9009688679024191,0
1656679676.0,796,0,0.0116276531229495,0,15,0,0,0,0,9.695539351362286e-07,0,0,0,0,0.0,0.0,0.0,0.0,0.0,0.0,0.0,0.0,0.0,0.0,0.4539904997395468,0.4338837391175582,0
1662637069.0,1329,1,0.0004046937419516,0,4,0,0,0,0,0.0,0,0,0,0,0.0,0.0,0.0,0.0,0.0,0.0,0.0,0.0,0.0,0.0,0.1564344650402309,0.6234898018587336,0
1655799631.0,327,1,0.0017865869033506,0,9,0,1,0,0,0.0,0,0,0,0,0.0,0.0,0.0,0.0,0.0,0.0,0.0,0.0,0.0,0.0,0.5877852522924731,0.9009688679024191,0
1664456537.0,1326,1,0.0002202186312573,0,6,0,0,0,0,0.0,0,0,0,0,0.0,0.0,0.0,0.0,0.0,0.0,0.0,0.0,0.0,0.0,0.1564344650402309,0.6234898018587336,0
1661169913.0,704,1,0.0013239921734912,1,5,0,0,0,0,0.0,0,0,0,0,0.0,0.0,0.0,0.0,0.0,0.0,0.0,0.0,0.0,0.0,0.3090169943749474,0.9749279121818236,0
1655362773.0,558,0,0.0002655022805621,0,8,0,0,0,0,0.0,0,0,0,0,0.0,0.0,0.0,1.0,0.0,0.0,0.0,0.0,1.0,1.0,0.5877852522924731,0.6234898018587336,0
1651148246.0,955,1,3.517250915221523e-06,1,1,0,0,0,0,0.0,0,0,0,0,0.0,0.0,0.0,0.0,0.0,0.0,0.0,0.0,0.0,0.0,0.8090169943749475,0.6234898018587336,0
1661533787.0,1138,0,0.000138224461391,0,2,0,0,0,0,0.031468400290572,0,0,0,0,0.0,0.0,0.0,0.0,0.0,0.0,0.0,0.0,0.0,0.0,0.3090169943749474,0.4338837391175582,0
1656493025.0,356,0,0.0,0,0,1,0,0,0,0.0,0,0,0,0,0.0,0.0,0.0,0.0,0.0,0.0,0.0,0.0,0.0,0.0,0.5877852522924731,0.7818314824680298,0
1653403202.0,1023,0,0.0929415597032016,0,42,0,4,7,0,0.0006137997815192,0,0,0,0,0.0,0.0,0.0,0.0,0.0,0.0,0.0,0.0,0.0,0.0,0.7071067811865476,0.9009688679024191,0
1662573644.0,413,0,3.781038139182538e-06,0,1,0,0,0,0,7.908157166370884e-09,0,0,0,0,0.0,0.0,0.0,0.0,0.0,0.0,0.0,0.0,0.0,0.0,0.1564344650402309,0.7818314824680298,0
1654771978.0,1187,0,0.0001164181827705,0,2,0,0,1,0,0.0,0,0,0,0,0.0,0.0,0.0,0.0,0.0,0.0,0.0,0.0,0.0,0.0,0.5877852522924731,0.6234898018587336,0
1660059053.0,164,0,0.006549836770952,0,2,0,0,0,0,0.0052580607994409,0,0,0,0,0.0,0.0,0.0,0.0,0.0,0.0,0.0,0.0,0.0,0.0,0.3090169943749474,0.9009688679024191,0
1662049428.0,1202,0,0.0,0,1,0,0,1,0,0.0,0,0,0,0,0.0,0.0,0.0,0.0,0.0,0.0,0.0,0.0,0.0,0.0,0.1564344650402309,0.6234898018587336,0
1658320716.0,1157,1,0.0202031558193419,1,24,0,1,4,0,1.4315636913683552e-05,0,1,0,0,0.0,0.0,0.0,1.0,0.0,0.0,0.0,0.0,0.0,0.0,0.4539904997395468,0.7818314824680298,0
1655187931.0,685,0,1.639890431652176e-05,0,4,0,0,0,0,0.0,0,0,0,0,0.0,0.0,0.0,0.0,0.0,0.0,0.0,0.0,0.0,0.0,0.5877852522924731,0.9009688679024191,0
1663164822.0,40,0,0.000954865742237,0,10,0,0,0,0,9.038078730310526e-07,0,0,0,0,0.0,0.0,0.0,0.0,0.0,0.0,0.0,0.0,0.0,0.0,0.1564344650402309,0.7818314824680298,0
1659364137.0,889,1,0.0081973198782005,1,6,0,1,0,0,0.0,0,0,0,0,0.0,0.0,0.0,0.0,0.0,0.0,0.0,0.0,0.0,0.0,0.3090169943749474,0.9749279121818236,0
1656073088.0,1217,0,0.0006029743768346,0,8,0,0,0,0,3.767325357927743e-07,0,0,0,0,0.0,0.0,0.0,0.0,0.0,0.0,0.0,0.0,0.0,0.0,0.5877852522924731,0.4338837391175582,0
1657634792.0,980,1,0.0,0,0,0,0,0,0,0.0,0,0,0,0,0.0,0.0,0.0,0.0,0.0,0.0,0.0,0.0,0.0,0.0,0.4539904997395468,0.9009688679024191,0
1651599343.0,648,0,0.0001679885410903,0,2,0,0,0,0,0.0552026188264935,0,0,0,0,0.0,0.0,0.0,0.0,0.0,0.0,0.0,0.0,0.0,0.0,0.7071067811865476,0.9009688679024191,0
1657644479.0,809,1,0.0024926574607486,0,6,0,0,0,0,0.0049076163897343,0,0,0,0,0.0,0.0,0.0,0.0,0.0,0.0,0.0,0.0,0.0,0.0,0.4539904997395468,0.9009688679024191,0
1655706974.0,1256,1,0.0106403852089509,0,0,0,0,0,0,0.0,0,0,0,0,0.0,0.0,0.0,0.0,0.0,0.0,0.0,0.0,0.0,0.0,0.5877852522924731,0.9749279121818236,0
1659019083.0,1340,1,0.0011174905658089,0,6,0,0,0,0,0.0,0,0,0,0,0.0,0.0,0.0,0.0,0.0,0.0,0.0,0.0,0.0,0.0,0.4539904997395468,0.6234898018587336,0
1655799664.0,703,0,0.0,0,0,1,0,0,0,0.0,0,0,0,0,0.0,0.0,0.0,0.0,0.0,0.0,0.0,0.0,0.0,0.0,0.5877852522924731,0.9009688679024191,0
1664376085.0,1062,1,0.2317142586548792,0,63,0,4,11,0,0.0004378413069305,0,0,0,10,0.0,0.0,0.0,0.0,0.0,0.0,0.0,0.0,0.0,0.0,0.1564344650402309,0.7818314824680298,0
1661155955.0,592,0,0.0048357474336178,0,12,0,9,1,0,4.575038942170646e-06,0,0,0,0,0.0,0.0,0.0,0.0,0.0,0.0,0.0,0.0,0.0,0.0,0.3090169943749474,0.9749279121818236,0
1653325199.0,1018,0,0.113678005272389,0,45,0,0,14,0,0.0007533611659662,0,0,0,0,0.0,0.0,0.0,0.0,0.0,0.0,0.0,0.0,0.0,0.0,0.7071067811865476,0.9749279121818236,0
1652283583.0,885,0,0.0033719921278581,0,7,0,0,7,0,1.9312006326378606e-09,0,0,0,0,0.0,0.0,0.0,0.0,0.0,0.0,0.0,0.0,0.0,0.0,0.7071067811865476,0.7818314824680298,0
1664527155.0,1243,1,0.000423835022213,0,0,0,0,0,0,0.0,0,0,0,0,0.0,0.0,0.0,0.0,0.0,0.0,0.0,0.0,0.0,0.0,0.1564344650402309,0.4338837391175582,0
1658993847.0,1013,0,0.0010717235264162,1,4,0,1,0,0,0.0,0,0,0,0,0.0,0.0,0.0,1.0,0.0,0.0,0.0,1.0,0.0,1.0,0.4539904997395468,0.6234898018587336,0
1660313811.0,1110,0,0.1152988898345548,0,62,0,4,25,0,0.0403423416796167,0,1,0,0,0.0,0.0,0.0,0.0,0.0,0.0,0.0,0.0,0.0,0.0,0.3090169943749474,0.4338837391175582,0
1657180413.0,348,0,0.1066446462561292,0,8,0,0,0,0,3.637668619139135e-07,0,0,0,0,0.0,0.0,0.0,0.0,0.0,0.0,0.0,0.0,0.0,0.0,0.4539904997395468,0.6234898018587336,0
1653379805.0,688,0,0.0041388230387425,0,26,0,0,12,0,2.9728489852966866e-07,0,0,0,0,0.0,0.0,0.0,0.0,0.0,0.0,0.0,0.0,0.0,0.0,0.7071067811865476,0.6234898018587336,0
1660740104.0,608,0,1.0,0,17,0,4,1,0,1.2442920432915558e-05,0,0,1,3,0.0,0.0,0.0,0.0,0.0,0.0,0.0,0.0,0.0,0.0,0.3090169943749474,0.7818314824680298,0
1664360598.0,1158,0,0.0234501565917217,0,6,0,5,0,0,1.9687193680977646e-07,0,0,0,0,0.0,0.0,0.0,1.0,1.0,0.0,0.0,1.0,1.0,1.0,0.1564344650402309,0.7818314824680298,0
1658999239.0,553,1,0.0035761195625957,1,13,0,3,0,0,0.0,0,0,0,0,0.0,0.0,0.0,0.0,0.0,0.0,0.0,0.0,0.0,0.0,0.4539904997395468,0.6234898018587336,0
1665055233.0,892,0,0.0,0,0,1,0,0,0,0.0,0,0,0,0,0.0,0.0,0.0,1.0,1.0,0.0,0.0,0.0,1.0,1.0,6.123233995736766e-17,0.6234898018587336,0
1660635851.0,157,0,0.0059691971264764,0,2,0,0,0,0,0.0082806128678356,0,0,0,0,0.0,0.0,0.0,0.0,0.0,0.0,0.0,0.0,0.0,0.0,0.3090169943749474,0.9009688679024191,0
1656085468.0,800,0,0.1200574792413768,0,25,0,0,0,0,0.0222777721584169,0,0,0,4,0.0,0.0,0.0,0.0,0.0,0.0,0.0,0.0,0.0,0.0,0.5877852522924731,0.4338837391175582,0
1657149046.0,1334,1,0.0001982364065584,0,7,0,0,0,0,0.0,0,0,0,0,0.0,0.0,0.0,0.0,0.0,0.0,0.0,0.0,0.0,0.0,0.4539904997395468,0.6234898018587336,0
1656931343.0,1266,1,0.0001920813273681,0,6,0,0,0,0,0.0,0,0,0,0,0.0,0.0,0.0,0.0,0.0,0.0,0.0,0.0,0.0,0.0,0.4539904997395468,0.9749279121818236,0
1664457661.0,710,1,0.0100336747696987,1,20,0,1,0,0,4.3558210958979684e-07,0,0,0,0,0.0,0.0,0.0,0.0,0.0,0.0,0.0,0.0,0.0,0.0,0.1564344650402309,0.6234898018587336,0
1654249791.0,737,0,3.0336410046263285e-06,0,3,0,0,0,0,0.0,0,0,0,0,0.0,0.0,0.0,0.0,0.0,0.0,0.0,0.0,0.0,0.0,0.5877852522924731,0.4338837391175582,0
1661239985.0,155,0,0.0137468320149649,0,2,0,0,0,0,0.0012069249926897,0,0,0,0,0.0,0.0,0.0,0.0,0.0,0.0,0.0,0.0,0.0,0.0,0.3090169943749474,0.9009688679024191,0
1652897754.0,693,1,1.802677924012251e-06,1,1,0,0,0,0,0.0,0,0,0,0,0.0,0.0,0.0,0.0,0.0,0.0,0.0,0.0,0.0,0.0,0.7071067811865476,0.7818314824680298,0
1657106806.0,924,0,5.552725460833103e-05,0,2,0,1,0,0,0.0,0,0,0,0,0.0,0.0,0.0,0.0,0.0,0.0,0.0,0.0,0.0,0.0,0.4539904997395468,0.7818314824680298,0
1655727588.0,644,0,0.1901566919934711,0,79,0,7,8,1,0.0003141336629548,0,0,0,0,0.0,0.0,0.0,0.0,0.0,0.0,0.0,0.0,0.0,0.0,0.5877852522924731,0.9749279121818236,0
1661936832.0,545,0,0.0008082885463283,0,5,0,5,0,0,1.3813211832534872e-06,0,0,0,0,0.0,0.0,0.0,1.0,1.0,0.0,0.0,1.0,1.0,1.0,0.3090169943749474,0.7818314824680298,0
1659346167.0,1272,1,0.0028836783195207,0,21,0,0,0,0,0.0,0,0,0,0,0.0,0.0,0.0,0.0,0.0,0.0,0.0,0.0,0.0,0.0,0.3090169943749474,0.9749279121818236,0
1656491821.0,829,0,0.0743976256105035,0,25,0,0,4,0,1.1660859578302727e-05,0,0,0,0,0.0,0.0,0.0,0.0,0.0,0.0,0.0,0.0,0.0,0.0,0.5877852522924731,0.7818314824680298,0
1662635844.0,495,0,0.3310525704781672,0,73,0,7,29,0,0.0004818619603497,3,0,0,0,0.0,0.0,0.0,0.0,0.0,0.0,0.0,0.0,0.0,0.0,0.1564344650402309,0.6234898018587336,0
1660147388.0,309,0,0.0082314375901731,0,24,0,2,12,0,1.0781602468023282e-05,0,0,0,0,0.0,0.0,0.0,0.0,0.0,0.0,0.0,0.0,0.0,0.0,0.3090169943749474,0.7818314824680298,0
1659534903.0,824,0,0.0,0,1,0,0,0,0,0.0070353634450257,0,0,0,0,0.0,0.0,0.0,0.0,0.0,0.0,0.0,0.0,0.0,0.0,0.3090169943749474,0.7818314824680298,0
1661119058.0,64,1,0.0151592363894105,0,8,0,2,1,0,3.928239740324227e-07,0,0,0,0,0.0,0.0,0.0,0.0,0.0,0.0,0.0,0.0,0.0,0.0,0.3090169943749474,6.123233995736766e-17,0
1648997558.0,1174,0,0.0,0,1,0,0,0,0,0.0,0,0,0,0,0.0,0.0,0.0,0.0,0.0,0.0,0.0,0.0,0.0,0.0,0.8090169943749475,6.123233995736766e-17,0
1664374698.0,200,0,0.0480291468197055,0,12,0,0,1,0,0.0005163188385394,0,0,0,0,0.0,0.0,0.0,0.0,0.0,0.0,0.0,0.0,0.0,0.0,0.1564344650402309,0.7818314824680298,0
1662644970.0,257,0,0.0173459446349018,0,2,0,0,0,0,0.0002826831932579,0,0,0,0,0.0,0.0,0.0,0.0,0.0,0.0,0.0,0.0,0.0,0.0,0.1564344650402309,0.6234898018587336,0
1656685518.0,483,1,0.0088953892854859,1,26,0,2,12,0,1.7437089314121248e-06,0,6,0,0,0.0,0.0,0.0,0.0,0.0,0.0,0.0,0.0,0.0,0.0,0.4539904997395468,0.4338837391175582,0
1655480959.0,965,0,0.0005803319806433,0,3,0,0,0,0,5.20738199188973e-05,0,0,0,0,0.0,0.0,0.0,0.0,0.0,0.0,0.0,0.0,0.0,0.0,0.5877852522924731,0.4338837391175582,0
1657699585.0,354,1,0.0339134088996055,0,74,0,0,32,0,9.717063291372032e-06,0,0,0,0,0.0,0.0,0.0,0.0,0.0,0.0,0.0,0.0,0.0,0.0,0.4539904997395468,0.7818314824680298,0
1660288691.0,71,0,0.1782486771918464,1,62,0,4,27,0,8.654476905959485e-05,0,0,0,0,0.0,0.0,0.0,0.0,0.0,0.0,0.0,0.0,0.0,0.0,0.3090169943749474,0.4338837391175582,0
1659964414.0,840,0,0.0038682204761697,0,8,0,0,5,0,5.187447195887854e-06,1,0,0,0,0.0,0.0,0.0,0.0,0.0,0.0,0.0,0.0,0.0,0.0,0.3090169943749474,0.9749279121818236,0
1655906457.0,834,0,0.1272612453758544,0,49,0,0,0,0,0.000206682513632,0,0,0,4,0.0,0.0,0.0,0.0,0.0,0.0,0.0,0.0,0.0,0.0,0.5877852522924731,0.7818314824680298,0
1662009122.0,1338,1,0.0001989837597284,0,6,0,0,0,0,0.0,0,0,0,0,0.0,0.0,0.0,0.0,0.0,0.0,0.0,0.0,0.0,0.0,0.1564344650402309,0.6234898018587336,0
1657290604.0,970,0,0.0612647587110241,0,5,0,0,1,0,0.0225655856038105,0,0,0,0,0.0,0.0,0.0,0.0,0.0,0.0,0.0,0.0,0.0,0.0,0.4539904997395468,0.4338837391175582,0
1656490498.0,735,0,0.0397836416767012,0,13,0,0,7,0,5.142876865500087e-05,0,0,0,0,0.0,0.0,0.0,0.0,0.0,0.0,0.0,0.0,0.0,0.0,0.5877852522924731,0.7818314824680298,0
1663751844.0,1176,0,0.0233305290856554,0,45,0,8,3,0,1.7506984763358496e-06,0,0,0,0,0.0,0.0,0.0,1.0,1.0,1.0,0.0,1.0,1.0,1.0,0.1564344650402309,0.7818314824680298,0
1658138429.0,325,0,0.6616573181351587,0,6,0,0,0,0,0.0013831599706669,0,0,0,0,0.0,0.0,0.0,0.0,0.0,0.0,0.0,0.0,0.0,0.0,0.4539904997395468,0.9749279121818236,0
1649843823.0,407,0,0.0045697179742886,0,19,0,0,13,0,6.666610881739018e-07,0,0,0,0,0.0,0.0,0.0,0.0,0.0,0.0,0.0,0.0,0.0,0.0,0.8090169943749475,0.7818314824680298,0
1661358574.0,1206,0,0.0001910698792224,0,4,0,0,0,0,0.0145440501696536,0,0,0,0,0.0,0.0,0.0,0.0,0.0,0.0,0.0,0.0,0.0,0.0,0.3090169943749474,0.7818314824680298,0
1655758056.0,1258,1,0.0001935321570999,0,6,0,0,0,0,0.0,0,0,0,0,0.0,0.0,0.0,0.0,0.0,0.0,0.0,0.0,0.0,0.0,0.5877852522924731,0.9749279121818236,0
1661422085.0,893,0,0.004962497106802,0,4,1,0,0,0,0.0,0,0,0,0,0.0,0.0,0.0,0.0,0.0,0.0,0.0,0.0,0.0,0.0,0.3090169943749474,0.6234898018587336,0
1663864228.0,562,0,0.0043072496864474,0,10,0,0,0,0,1.6398010133240152e-06,0,0,0,0,0.0,0.0,0.0,1.0,0.0,0.0,0.0,0.0,1.0,1.0,0.1564344650402309,0.6234898018587336,0
1648469956.0,1173,0,0.0024304926601174,0,5,0,3,0,0,2.778734356465688e-06,0,0,0,0,0.0,0.0,0.0,0.0,0.0,0.0,0.0,0.0,0.0,0.0,0.8910065241883679,0.9749279121818236,0
1664866144.0,230,1,0.0210490333856166,0,6,0,0,2,0,3.3112366782834177e-07,0,0,0,0,0.0,0.0,0.0,0.0,0.0,0.0,0.0,0.0,0.0,0.0,6.123233995736766e-17,0.9009688679024191,0
1656482701.0,828,0,0.0006152399991389,0,8,0,0,0,0,3.654221110610477e-07,0,0,0,0,0.0,0.0,0.0,0.0,0.0,0.0,0.0,0.0,0.0,0.0,0.5877852522924731,0.7818314824680298,0
1657115535.0,410,1,0.0025149914457107,1,7,0,1,0,0,0.0,0,0,0,0,0.0,0.0,0.0,0.0,0.0,0.0,0.0,0.0,0.0,0.0,0.4539904997395468,0.7818314824680298,0
1648547138.0,94,0,0.0194576931244281,0,3,0,0,4,0,0.0,0,1,0,0,0.0,0.0,0.0,0.0,0.0,0.0,0.0,0.0,0.0,0.0,0.8910065241883679,0.9009688679024191,0
1648803947.0,909,0,0.0003443744407037,0,3,0,0,1,0,2.76043714540556e-07,0,0,0,0,0.0,0.0,0.0,0.0,0.0,0.0,0.0,0.0,0.0,0.0,0.8090169943749475,0.4338837391175582,0
1656530945.0,827,0,0.0003548378247294,0,5,0,0,0,0,9.590725602523196e-08,0,0,0,0,0.0,0.0,0.0,0.0,0.0,0.0,0.0,0.0,0.0,0.0,0.5877852522924731,0.7818314824680298,0
1658865045.0,1299,1,0.0008519887248922,0,8,0,0,0,0,0.0,0,0,0,0,0.0,0.0,0.0,0.0,0.0,0.0,0.0,0.0,0.0,0.0,0.4539904997395468,0.9009688679024191,0
1650568540.0,527,0,2.901703428108494e-06,0,2,0,0,0,0,0.0,0,0,0,0,0.0,0.0,0.0,0.0,0.0,0.0,0.0,0.0,0.0,0.0,0.8090169943749475,0.6234898018587336,0
1665049271.0,891,1,0.0913448995571384,1,105,0,5,17,0,0.0003852897008763,0,0,0,0,0.0,0.0,0.0,1.0,1.0,0.0,0.0,0.0,1.0,1.0,6.123233995736766e-17,0.6234898018587336,0
1657105006.0,860,1,0.0240474590596314,1,22,0,2,2,0,0.0,0,0,0,0,0.0,0.0,0.0,0.0,0.0,0.0,0.0,0.0,0.0,0.0,0.4539904997395468,0.7818314824680298,0
1664379659.0,861,1,0.0065200292103252,0,32,0,2,0,0,8.900143446956809e-07,0,0,0,0,0.0,0.0,0.0,0.0,0.0,0.0,0.0,0.0,0.0,0.0,0.1564344650402309,0.7818314824680298,0
1662569323.0,1091,0,0.0040893174309537,0,19,0,0,1,0,2.531747845996818e-06,0,0,0,0,0.0,0.0,0.0,0.0,0.0,0.0,0.0,0.0,0.0,0.0,0.1564344650402309,0.7818314824680298,0
1659908093.0,858,1,0.0,0,0,1,0,0,0,0.0,0,0,0,0,0.0,0.0,0.0,0.0,0.0,0.0,0.0,0.0,0.0,0.0,0.3090169943749474,0.9749279121818236,0
1665074430.0,772,0,0.0,0,1,0,0,0,0,0.0,0,0,0,0,0.0,0.0,0.0,0.0,0.0,0.0,0.0,0.0,0.0,0.0,6.123233995736766e-17,0.6234898018587336,0
1659544517.0,1041,0,0.0004938977881878,0,7,0,0,0,0,4.373294958207281e-07,0,0,0,0,0.0,0.0,0.0,1.0,0.0,0.0,0.0,0.0,1.0,1.0,0.3090169943749474,0.7818314824680298,0
1663838589.0,497,0,0.1405810925732941,0,44,0,4,16,0,0.0002473026423665,1,1,0,0,0.0,0.0,0.0,0.0,0.0,0.0,0.0,0.0,0.0,0.0,0.1564344650402309,0.6234898018587336,0
1653989449.0,1304,1,0.000808244010252,0,6,0,0,0,0,0.0,0,0,0,0,0.0,0.0,0.0,0.0,0.0,0.0,0.0,0.0,0.0,0.0,0.7071067811865476,0.9009688679024191,0
1664200244.0,41,1,0.0106947255969095,1,15,0,1,0,0,3.49973793344429e-07,0,0,0,0,0.0,0.0,0.0,0.0,0.0,0.0,0.0,0.0,0.0,0.0,0.1564344650402309,0.9749279121818236,0
1663842180.0,16,0,0.0004553847655604,0,6,0,0,1,0,4.516741915016873e-07,0,0,0,0,0.0,0.0,0.0,0.0,0.0,0.0,0.0,0.0,0.0,0.0,0.1564344650402309,0.6234898018587336,0
1664198519.0,249,0,0.0001493035687619,0,2,0,0,0,0,0.0,0,0,0,0,0.0,0.0,0.0,0.0,0.0,0.0,0.0,0.0,0.0,0.0,0.1564344650402309,0.9749279121818236,0
1659521083.0,53,1,0.0001860140893234,0,3,0,0,0,0,0.0,0,0,0,0,0.0,0.0,0.0,0.0,0.0,0.0,0.0,0.0,0.0,0.0,0.3090169943749474,0.7818314824680298,0
1655814847.0,810,0,0.233166056178025,0,46,0,3,21,0,0.0003461395335215,0,1,0,1,0.0,0.0,0.0,0.0,0.0,0.0,0.0,0.0,0.0,0.0,0.5877852522924731,0.9009688679024191,0
1655481498.0,960,1,0.0211542406992979,0,9,0,0,5,0,4.691819385568868e-06,0,1,0,0,0.0,0.0,0.0,0.0,0.0,0.0,0.0,0.0,0.0,0.0,0.5877852522924731,0.4338837391175582,0
1658931663.0,436,1,0.0025345995853939,0,5,0,1,0,0,0.0,0,0,0,0,0.0,0.0,0.0,0.0,0.0,0.0,0.0,0.0,0.0,0.0,0.4539904997395468,0.7818314824680298,0
1659360835.0,471,0,0.2335350060037328,0,271,0,15,80,0,0.01576353320889,20,2,0,0,0.0,0.0,0.0,0.0,0.0,0.0,0.0,0.0,0.0,0.0,0.3090169943749474,0.9749279121818236,0
1658909030.0,311,0,0.005888874136603,0,15,0,4,5,0,3.8676432400621605e-06,0,0,0,0,0.0,0.0,0.0,0.0,0.0,0.0,0.0,0.0,0.0,0.0,0.4539904997395468,0.7818314824680298,0
1650633116.0,268,0,0.0034541630351645,0,20,0,0,25,0,4.629845242802365e-07,0,0,0,0,0.0,0.0,0.0,0.0,0.0,0.0,0.0,0.0,0.0,0.0,0.8090169943749475,0.4338837391175582,0
1662040379.0,1201,0,0.015505896634339,0,32,0,0,18,0,7.420629695359122e-07,0,0,0,0,0.0,0.0,0.0,0.0,0.0,0.0,0.0,0.0,0.0,0.0,0.1564344650402309,0.6234898018587336,0
1661333033.0,1143,1,0.0046034388623474,1,14,0,2,0,0,0.0001977881576261,0,0,0,0,0.0,0.0,0.0,0.0,0.0,0.0,0.0,0.0,0.0,0.0,0.3090169943749474,0.7818314824680298,0
1660905068.0,316,1,0.019920815560629,0,16,0,0,15,0,0.000526471480722,0,0,0,0,0.0,0.0,0.0,0.0,0.0,0.0,0.0,0.0,0.0,0.0,0.3090169943749474,0.4338837391175582,0
1662388611.0,677,1,0.0081668086211893,1,13,0,1,0,0,0.0,0,0,0,0,0.0,0.0,0.0,0.0,0.0,0.0,0.0,0.0,0.0,0.0,0.1564344650402309,0.9749279121818236,0
1661512954.0,5,0,0.0526321897813943,0,48,0,7,11,0,4.1668215280779024e-05,1,0,0,0,0.0,0.0,0.0,1.0,1.0,0.0,0.0,0.0,0.0,0.0,0.3090169943749474,0.4338837391175582,0
1661423008.0,602,0,0.0017407321107414,0,5,0,0,0,0,4.22249082767055e-07,0,0,0,0,0.0,0.0,0.0,0.0,0.0,0.0,0.0,0.0,0.0,0.0,0.3090169943749474,0.6234898018587336,0
1659342610.0,150,0,0.074548511638822,0,47,0,0,7,0,0.0009350261603111,0,0,0,0,0.0,0.0,0.0,0.0,0.0,0.0,0.0,0.0,0.0,0.0,0.3090169943749474,0.9749279121818236,0
1661350078.0,19,1,0.0755182821505745,0,39,0,0,13,0,0.0002557441303528,0,0,0,0,0.0,0.0,0.0,0.0,0.0,0.0,0.0,0.0,0.0,0.0,0.3090169943749474,0.7818314824680298,0
1663278325.0,856,0,0.0005740450957701,0,6,0,0,1,0,3.8326102748480473e-07,0,0,0,0,0.0,0.0,0.0,0.0,0.0,0.0,0.0,0.0,0.0,0.0,0.1564344650402309,0.6234898018587336,0
1664457594.0,782,1,0.0562177179748007,1,27,0,1,2,0,3.180706411895063e-05,0,0,0,0,0.0,0.0,0.0,0.0,0.0,0.0,0.0,0.0,0.0,0.0,0.1564344650402309,0.6234898018587336,0
1660210456.0,732,1,0.0,0,0,1,0,0,0,0.0,0,0,0,0,0.0,0.0,0.0,0.0,0.0,0.0,0.0,0.0,0.0,0.0,0.3090169943749474,0.6234898018587336,0
1661170352.0,1116,0,0.002527213543123,0,22,0,0,1,0,0.0003566362612757,0,0,0,0,0.0,0.0,0.0,0.0,0.0,0.0,0.0,0.0,0.0,0.0,0.3090169943749474,0.9749279121818236,0
1664268496.0,1031,1,0.004697303545221,1,20,0,1,0,0,1.9830614890897555e-06,0,0,0,0,0.0,0.0,0.0,0.0,0.0,0.0,0.0,0.0,0.0,0.0,0.1564344650402309,0.9009688679024191,0
1659342498.0,1010,1,0.001421637894504,0,11,0,0,13,0,2.03860378295372e-07,0,0,0,0,0.0,0.0,0.0,0.0,0.0,0.0,0.0,0.0,0.0,0.0,0.3090169943749474,0.9749279121818236,0
1657551888.0,975,0,0.0585884178090047,0,16,0,0,0,0,3.164477476069185e-06,0,0,0,0,0.0,0.0,0.0,0.0,0.0,0.0,0.0,0.0,0.0,0.0,0.4539904997395468,0.9749279121818236,0
1658079132.0,979,0,0.0010341781192909,0,12,0,0,0,0,0.075750843670403,0,0,0,0,0.0,0.0,0.0,0.0,0.0,0.0,0.0,0.0,0.0,0.0,0.4539904997395468,6.123233995736766e-17,0
1661271731.0,768,1,0.0209496743226196,0,12,0,1,6,0,1.3298274038859411e-06,0,0,0,0,0.0,0.0,0.0,0.0,0.0,0.0,0.0,0.0,0.0,0.0,0.3090169943749474,0.9009688679024191,0
1661328220.0,766,0,0.0052373194735966,0,31,0,4,19,0,0.0003164133673253,3,0,0,0,0.0,0.0,0.0,0.0,0.0,0.0,0.0,0.0,0.0,0.0,0.3090169943749474,0.7818314824680298,1
1662030591.0,211,1,0.0665564214742389,1,124,0,9,58,0,4.531277900892865e-05,9,2,0,0,0.0,0.0,0.0,1.0,1.0,0.0,0.0,0.0,1.0,1.0,0.1564344650402309,0.6234898018587336,1
1658938493.0,873,1,0.0089439256510848,0,37,0,5,26,0,8.448660701970557e-07,9,0,0,0,0.0,0.0,0.0,0.0,0.0,0.0,0.0,0.0,0.0,0.0,0.4539904997395468,0.7818314824680298,1
1655393727.0,959,1,0.8845377823489213,0,192,0,20,195,0,0.0007590909530027,11,63,0,4,0.0,0.0,0.0,0.0,0.0,0.0,0.0,0.0,0.0,0.0,0.5877852522924731,0.4338837391175582,1
1660065014.0,420,0,0.0597194491445586,0,28,0,0,8,0,5.023273422773124e-05,2,0,0,0,0.0,0.0,0.0,0.0,0.0,0.0,0.0,0.0,0.0,0.0,0.3090169943749474,0.9009688679024191,1
1658832968.0,1085,0,0.2095365675790789,0,17,0,4,12,0,0.0003502125016781,1,2,0,1,0.0,0.0,0.0,1.0,1.0,1.0,0.0,1.0,1.0,1.0,0.4539904997395468,0.9009688679024191,1
